简介（方式·小区名 户型 朝向）,区,地铁站,村,面积大小（㎡）,朝向,户型,楼层类型,楼层（层）,标签
整租·长桥一村 1室0厅 南,徐汇,长桥,长桥一村,39,南,1室0厅1卫,高楼层                        ,6,随时看房
整租·馨宁公寓 1室1厅 南,徐汇,华泾,馨宁公寓,42,南,1室1厅1卫,高楼层                        ,29,"精装,随时看房"
整租·长桥三村 2室1厅 南,徐汇,长桥,长桥三村,51,南,2室1厅1卫,高楼层                        ,6,随时看房
整租·东湾小区 1室1厅 南,徐汇,华泾,东湾小区,47,南,1室1厅1卫,中楼层                        ,6,随时看房
整租·花苑村紫竹园 1室1厅 南,徐汇,康健,花苑村紫竹园,42,南,1室1厅1卫,高楼层                        ,6,随时看房
整租·梅陇五村 1室1厅 南,徐汇,华东理工,梅陇五村,48,南,1室1厅1卫,高楼层                        ,6,"精装,随时看房"
整租·华松小区 1室1厅 南,长宁,北新泾,华松小区,55,南,1室1厅1卫,高楼层                        ,7,"近地铁,随时看房"
整租·长桥新村 1室0厅 南,徐汇,长桥,长桥新村,36,南,1室0厅1卫,中楼层                        ,5,随时看房
整租·新泾六村 1室0厅 南,长宁,北新泾,新泾六村,35,南,1室0厅1卫,高楼层                        ,6,"近地铁,随时看房"
整租·桃源新村 1室1厅 北,黄浦,老西门,桃源新村,30,北,1室1厅1卫,低楼层                        ,7,"新上,近地铁,精装,随时看房"
整租·绿园十二村 1室1厅 南/北,长宁,西郊,绿园十二村,46,南 北,1室1厅1卫,高楼层                        ,6,随时看房
整租·花苑茶花园 1室0厅 南,徐汇,康健,花苑茶花园,34,南,1室0厅1卫,高楼层                        ,6,随时看房
整租·科宁公寓 1室1厅 南,长宁,中山公园,科宁公寓,46,南,1室1厅1卫,中楼层                        ,24,"新上,近地铁,精装,随时看房"
整租·绿园一村 2室1厅 南/北,长宁,北新泾,绿园一村,56,南 北,2室1厅1卫,中楼层                        ,6,"新上,近地铁,随时看房"
整租·君悦静安 1室1厅 南,静安,曹家渡,君悦静安,49,南,1室1厅1卫,中楼层                        ,22,"新上,近地铁,精装,随时看房"
整租·田林六村 2室0厅 南,徐汇,田林,田林六村,41,南,2室0厅1卫,高楼层                        ,6,"新上,近地铁,随时看房"
整租·君悦静安 1室1厅 南,静安,曹家渡,君悦静安,55,南,1室1厅1卫,中楼层                        ,22,"新上,近地铁,精装,随时看房"
整租·长虹小区 1室1厅 南,长宁,新华路,长虹小区,36,南,1室1厅1卫,低楼层                        ,6,"新上,近地铁,精装,随时看房"
整租·金虹苑小区 2室1厅 南,长宁,西郊,金虹苑小区,65,南,2室1厅1卫,高楼层                        ,6,"新上,精装,随时看房"
整租·西成里 1室1厅 南,黄浦,人民广场,西成里,35,南,1室1厅1卫,中楼层                        ,3,"近地铁,精装,随时看房"
整租·大木桥路450弄 1室0厅 南,徐汇,斜土路,大木桥路450弄,31,南,1室0厅1卫,高楼层                        ,6,"近地铁,精装,随时看房"
整租·东三街15弄 1室1厅 南,浦东,南码头,东三街15弄,37,南,1室1厅1卫,高楼层                        ,6,随时看房
整租·绿地时代名邸 2室2厅 南,青浦,白鹤,绿地时代名邸,84,南,2室2厅1卫,低楼层                        ,28,"近地铁,精装,随时看房"
整租·名人花苑 2室1厅 南,徐汇,华泾,名人花苑,76,南,2室1厅1卫,高楼层                        ,6,随时看房
整租·巴黎公寓 1室1厅 西,黄浦,新天地,巴黎公寓,46,西,1室1厅1卫,高楼层                        ,3,"近地铁,精装,随时看房"
整租·乐山四五村 2室1厅 南,徐汇,徐家汇,乐山四五村,48,南,2室1厅1卫,高楼层                        ,7,"近地铁,随时看房"
整租·东渡青筑 1室1厅 南,青浦,盈浦,东渡青筑,67,南,1室1厅1卫,低楼层                        ,15,随时看房
整租·乐山二村 1室1厅 南,徐汇,徐家汇,乐山二村,33,南,1室1厅1卫,中楼层                        ,6,"近地铁,精装,随时看房"
整租·田林三村 2室1厅 南,徐汇,田林,田林三村,48,南,2室1厅1卫,高楼层                        ,6,"近地铁,随时看房"
整租·舒乐小区 2室1厅 南,徐汇,华东理工,舒乐小区,56,南,2室1厅1卫,中楼层                        ,7,随时看房
整租·君悦静安 1室0厅 西南,静安,曹家渡,君悦静安,35,西南,1室0厅1卫,中楼层                        ,22,"近地铁,精装,随时看房"
整租·新泾七村 2室1厅 南,长宁,北新泾,新泾七村,46,南,2室1厅1卫,中楼层                        ,6,"近地铁,随时看房"
整租·杜鹃园 2室1厅 南,徐汇,康健,杜鹃园,64,南,2室1厅1卫,高楼层                        ,6,随时看房
整租·梅陇十一村 2室0厅 南/北,徐汇,华东理工,梅陇十一村,51,南 北,2室0厅1卫,高楼层                        ,6,随时看房
整租·海丽花园 3室2厅 南,黄浦,打浦桥,海丽花园,116,南,3室2厅2卫,高楼层                        ,33,"近地铁,精装,双卫生间,随时看房"
整租·紫薇园 1室1厅 南,徐汇,康健,紫薇园,73,南,1室1厅1卫,低楼层                        ,24,"精装,随时看房"
整租·虹桥机场新村 2室1厅 南,长宁,西郊,虹桥机场新村,52,南,2室1厅1卫,低楼层                        ,6,"精装,随时看房"
整租·西木小区 1室0厅 北,徐汇,斜土路,西木小区,17,北,1室0厅1卫,低楼层                        ,6,"近地铁,精装,随时看房"
整租·芙江小区 2室1厅 南,长宁,仙霞,芙江小区,53,南,2室1厅1卫,高楼层                        ,6,"新上,近地铁,精装,随时看房"
整租·长兴坊 2室1厅 南,徐汇,康健,长兴坊,55,南,2室1厅1卫,高楼层                        ,6,随时看房
整租·梅陇七村 2室1厅 南/北,徐汇,华东理工,梅陇七村,62,南 北,2室1厅1卫,低楼层                        ,6,随时看房
整租·花苑村玉兰园 2室1厅 南,徐汇,康健,花苑村玉兰园,63,南,2室1厅1卫,高楼层                        ,6,"近地铁,随时看房"
整租·上海师大新村 1室0厅 南,徐汇,康健,上海师大新村,35,南,1室0厅1卫,中楼层                        ,5,随时看房
整租·昌五小区 1室1厅 南,浦东,世博,昌五小区,38,南,1室1厅1卫,高楼层                        ,6,"近地铁,随时看房"
整租·华理苑 2室1厅 南,徐汇,华东理工,华理苑,51,南,2室1厅1卫,低楼层                        ,6,"新上,随时看房"
整租·城东新村一村 2室1厅 南,青浦,夏阳,城东新村一村,49,南,2室1厅1卫,高楼层                        ,6,随时看房
整租·淞虹公寓 1室1厅 南,长宁,北新泾,淞虹公寓,50,南,1室1厅1卫,高楼层                        ,6,"近地铁,随时看房"
整租·万春小区 1室0厅 东南,静安,曹家渡,万春小区,35,东南,1室0厅1卫,低楼层                        ,6,"近地铁,精装,随时看房"
整租·振兴小区(徐汇) 1室1厅 南/北,徐汇,徐家汇,振兴小区(徐汇),25,南 北,1室1厅1卫,中楼层                        ,5,"近地铁,精装,随时看房"
整租·延北小区 2室0厅 南,长宁,西郊,延北小区,48,南,2室0厅1卫,高楼层                        ,5,"近地铁,随时看房"
整租·凌云新村 2室1厅 南,徐汇,华东理工,凌云新村,66,南,2室1厅1卫,中楼层                        ,6,随时看房
整租·花苑茶花园 2室1厅 南,徐汇,康健,花苑茶花园,47,南,2室1厅1卫,高楼层                        ,6,"精装,随时看房"
整租·斜土路2200弄 1室1厅 南,徐汇,徐家汇,斜土路2200弄,34,南,1室1厅1卫,低楼层                        ,5,"近地铁,精装,随时看房"
整租·钦州路111弄 2室1厅 南,徐汇,康健,钦州路111弄,35,南,2室1厅1卫,低楼层                        ,7,"近地铁,随时看房"
整租·虹梅小区 1室1厅 南,徐汇,漕河泾,虹梅小区,41,南,1室1厅1卫,中楼层                        ,6,"近地铁,随时看房"
整租·沂南路54弄 1室1厅 南,浦东,南码头,沂南路54弄,30,南,1室1厅1卫,高楼层                        ,6,"近地铁,随时看房"
整租·云雾山路551弄 2室0厅 南/北,长宁,中山公园,云雾山路551弄,55,南 北,2室0厅1卫,高楼层                        ,7,"近地铁,随时看房"
整租·长虹公寓 2室1厅 南,长宁,仙霞,长虹公寓,65,南,2室1厅1卫,高楼层                        ,6,"精装,随时看房"
整租·虹霞小区 1室1厅 南,长宁,仙霞,虹霞小区,36,南,1室1厅1卫,中楼层                        ,6,"近地铁,精装,随时看房"
整租·万春小区 1室0厅 南,静安,曹家渡,万春小区,34,南,1室0厅1卫,中楼层                        ,6,"近地铁,随时看房"
整租·马克思公寓 1室1厅 西北,静安,南京西路,马克思公寓,66,西北,1室1厅1卫,高楼层                        ,4,"新上,近地铁,精装,随时看房"
整租·世纪之门 1室1厅 西北/北,普陀,长寿路,世纪之门,35,西北 北,1室1厅1卫,高楼层                        ,25,"新上,近地铁,随时看房"
整租·虹梅景苑四街坊 1室1厅 南,闵行,吴泾,虹梅景苑四街坊,68,南,1室1厅1卫,中楼层                        ,13,"新上,随时看房"
整租·河风丽景 2室1厅 南,长宁,天山,河风丽景,88,南,2室1厅1卫,低楼层                        ,19,"新上,近地铁,精装,随时看房"
整租·昌五小区 1室1厅 南,浦东,世博,昌五小区,42,南,1室1厅1卫,高楼层                        ,6,"新上,近地铁,精装,随时看房"
整租·齐爱佳苑 1室1厅 南,浦东,唐镇,齐爱佳苑,51,南,1室1厅1卫,中楼层                        ,6,"新上,近地铁,随时看房"
整租·中凯城市之光(静安) 1室1厅 西南,静安,南京西路,中凯城市之光(静安),57,西南,1室1厅1卫,中楼层                        ,34,"新上,近地铁,精装,随时看房"
整租·也宁阁酒店公寓 1室1厅 东南,普陀,长寿路,也宁阁酒店公寓,50,东南,1室1厅1卫,高楼层                        ,2,"近地铁,精装,随时看房"
整租·绿梅一村 1室1厅 南,闵行,莘庄,绿梅一村,30,南,1室1厅1卫,中楼层                        ,6,"精装,随时看房"
整租·华狮国际公寓 1室1厅 南,徐汇,徐家汇,华狮国际公寓,48,南,1室1厅1卫,高楼层                        ,19,"近地铁,精装,随时看房"
整租·龙吴路5599弄 2室1厅 南,闵行,吴泾,龙吴路5599弄,80,南,2室1厅1卫,高楼层                        ,6,随时看房
整租·新华小区 1室1厅 南,闵行,老闵行,新华小区,42,南,1室1厅1卫,高楼层                        ,6,"近地铁,随时看房"
整租·蔷薇新村 1室1厅 南,闵行,春申,蔷薇新村,52,南,1室1厅1卫,高楼层                        ,6,"精装,随时看房"
整租·航天新苑 2室2厅 南,徐汇,漕河泾,航天新苑,71,南,2室2厅1卫,高楼层                        ,6,"近地铁,精装,随时看房"
整租·电影华苑 1室2厅 南,徐汇,徐家汇,电影华苑,66,南,1室2厅1卫,高楼层                        ,33,"近地铁,精装,随时看房"
整租·上南十二村 1室0厅 南,浦东,世博,上南十二村,37,南,1室0厅1卫,中楼层                        ,6,"近地铁,随时看房"
整租·紫藤一村 1室1厅 南,闵行,梅陇,紫藤一村,40,南,1室1厅1卫,中楼层                        ,6,"近地铁,随时看房"
整租·月厦新天地 1室1厅 东,松江,松江老城,月厦新天地,48,东,1室1厅1卫,中楼层                        ,18,"近地铁,随时看房"
整租·安临小区 1室1厅 南,浦东,三林,安临小区,35,南,1室1厅1卫,中楼层                        ,6,"近地铁,随时看房"
整租·荣乐小区 1室1厅 南,松江,松江老城,荣乐小区,39,南,1室1厅1卫,高楼层                        ,6,"近地铁,随时看房"
整租·东江小区 1室0厅 南,闵行,老闵行,东江小区,30,南,1室0厅1卫,中楼层                        ,6,"近地铁,随时看房"
整租·青水湾公寓 2室1厅 南,青浦,夏阳,青水湾公寓,81,南,2室1厅1卫,低楼层                        ,11,"近地铁,精装,随时看房"
整租·茶陵路159弄 2室1厅 南,徐汇,斜土路,茶陵路159弄,53,南,2室1厅1卫,高楼层                        ,5,"近地铁,精装,随时看房"
整租·凌兆新村(凌兆路334弄) 2室1厅 南,浦东,三林,凌兆新村(凌兆路334弄),69,南,2室1厅1卫,高楼层                        ,6,"近地铁,随时看房"
整租·虹梅小区 2室1厅 南,徐汇,漕河泾,虹梅小区,63,南,2室1厅1卫,高楼层                        ,6,"近地铁,精装,随时看房"
整租·钦州花苑 2室1厅 南,徐汇,田林,钦州花苑,87,南,2室1厅1卫,中楼层                        ,29,"近地铁,随时看房"
整租·威宁大楼 2室1厅 西南,长宁,仙霞,威宁大楼,75,西南,2室1厅1卫,高楼层                        ,24,"近地铁,精装,随时看房"
整租·上南五村 2室0厅 南,浦东,世博,上南五村,49,南,2室0厅1卫,高楼层                        ,6,"近地铁,精装,随时看房"
整租·红枫苑 2室1厅 南,浦东,三林,红枫苑,68,南,2室1厅1卫,低楼层                        ,6,"近地铁,随时看房"
整租·三林路380号 2室2厅 南,浦东,三林,三林路380号,95,南,2室2厅1卫,高楼层                        ,6,"近地铁,精装,随时看房"
整租·河风丽景 1室1厅 南,长宁,天山,河风丽景,55,南,1室1厅1卫,高楼层                        ,19,"近地铁,随时看房"
整租·钦州花苑 2室1厅 南,徐汇,田林,钦州花苑,86,南,2室1厅1卫,低楼层                        ,29,"近地铁,随时看房"
整租·上南三村 1室1厅 南,浦东,世博,上南三村,30,南,1室1厅1卫,中楼层                        ,6,"近地铁,精装,随时看房"
整租·仙霞别墅 2室1厅 南,长宁,仙霞,仙霞别墅,74,南,2室1厅1卫,高楼层                        ,6,"精装,随时看房"
整租·天乐新村 2室1厅 南,松江,松江新城,天乐新村,63,南,2室1厅1卫,低楼层                        ,6,随时看房
整租·愚园路488弄 1室1厅 南,静安,静安寺,愚园路488弄,45,南,1室1厅1卫,中楼层                        ,6,"近地铁,精装,随时看房"
整租·红旗五村 2室1厅 西南,闵行,老闵行,红旗五村,57,西南,2室1厅1卫,中楼层                        ,6,"近地铁,随时看房"
整租·金领国际(公寓) 2室2厅 南/北,浦东,曹路,金领国际(公寓),90,南 北,2室2厅1卫,中楼层                        ,11,"精装,随时看房"
整租·南杨小区(长清路) 1室1厅 南,浦东,三林,南杨小区(长清路),41,南,1室1厅1卫,中楼层                        ,6,"近地铁,随时看房"
整租·金杨新村四街坊 1室1厅 南,浦东,金杨,金杨新村四街坊,44,南,1室1厅1卫,高楼层                        ,6,"近地铁,随时看房"
整租·金杨新村十街坊 2室1厅 南,浦东,金杨,金杨新村十街坊,54,南,2室1厅1卫,高楼层                        ,6,随时看房
整租·金地格林郡 2室1厅 南,青浦,夏阳,金地格林郡,88,南,2室1厅1卫,中楼层                        ,12,随时看房
整租·南江苑 1室1厅 南,浦东,三林,南江苑,49,南,1室1厅1卫,高楼层                        ,6,"近地铁,随时看房"
整租·宜山路701弄 2室0厅 南,徐汇,田林,宜山路701弄,52,南,2室0厅1卫,高楼层                        ,6,"近地铁,精装,随时看房"
整租·蔷薇新村 1室0厅 南,闵行,春申,蔷薇新村,34,南,1室0厅1卫,高楼层                        ,6,随时看房
整租·德州五村 2室1厅 南,浦东,世博,德州五村,51,南,2室1厅1卫,低楼层                        ,6,"近地铁,随时看房"
整租·圣天地酒店式公寓 1室1厅 东南,普陀,长寿路,圣天地酒店式公寓,35,东南,1室1厅1卫,高楼层                        ,23,"新上,近地铁,随时看房"
整租·莲花新村 1室1厅 南,闵行,春申,莲花新村,56,南,1室1厅1卫,高楼层                        ,6,随时看房
整租·高兴花园 1室0厅 南,闵行,春申,高兴花园,37,南,1室0厅1卫,高楼层                        ,6,随时看房
整租·凯旋一村 2室1厅 南/北,徐汇,徐家汇,凯旋一村,47,南 北,2室1厅1卫,低楼层                        ,6,"近地铁,随时看房"
整租·旭辉玫瑰湾 3室2厅 南,青浦,盈浦,旭辉玫瑰湾,90,南,3室2厅1卫,低楼层                        ,14,"新上,近地铁,精装,随时看房"
整租·崧泽华城逸泰雅苑 3室1厅 南,青浦,赵巷,崧泽华城逸泰雅苑,70,南,3室1厅1卫,高楼层                        ,16,"精装,随时看房"
整租·金桥路835弄 2室1厅 南,浦东,金桥,金桥路835弄,59,南,2室1厅1卫,高楼层                        ,7,"近地铁,精装,随时看房"
整租·泾东小区 2室1厅 南,浦东,洋泾,泾东小区,61,南,2室1厅1卫,高楼层                        ,6,"近地铁,随时看房"
整租·黄山始信苑 2室1厅 南,浦东,金杨,黄山始信苑,55,南,2室1厅1卫,高楼层                        ,5,"近地铁,精装,随时看房"
整租·罗山八村 2室1厅 南/北,浦东,金杨,罗山八村,80,南 北,2室1厅1卫,高楼层                        ,6,"近地铁,随时看房"
整租·蔷薇新村 1室1厅 南,闵行,春申,蔷薇新村,44,南,1室1厅1卫,高楼层                        ,6,随时看房
整租·世华锦城 1室1厅 南,浦东,三林,世华锦城,52,南,1室1厅1卫,低楼层                        ,18,"近地铁,随时看房"
整租·泾东小区 1室1厅 南,浦东,洋泾,泾东小区,41,南,1室1厅1卫,中楼层                        ,6,"近地铁,随时看房"
整租·上钢一村 1室1厅 南,浦东,世博,上钢一村,34,南,1室1厅1卫,中楼层                        ,5,"近地铁,随时看房"
整租·上南六村 1室1厅 南,浦东,世博,上南六村,35,南,1室1厅1卫,高楼层                        ,6,"近地铁,随时看房"
整租·临沂五村 2室0厅 南,浦东,南码头,临沂五村,48,南,2室0厅1卫,高楼层                        ,6,"近地铁,精装,随时看房"
整租·东泰花苑 3室1厅 南,黄浦,打浦桥,东泰花苑,145,南,3室1厅1卫,低楼层                        ,27,"近地铁,精装,随时看房"
整租·南码头路144弄 1室1厅 南,浦东,南码头,南码头路144弄,34,南,1室1厅1卫,中楼层                        ,5,"精装,随时看房"
整租·月厦新天地 1室0厅 南,松江,松江老城,月厦新天地,48,南,1室0厅1卫,低楼层                        ,18,"近地铁,随时看房"
整租·南天大楼 2室1厅 南,徐汇,徐家汇,南天大楼,74,南,2室1厅1卫,高楼层                        ,18,"近地铁,精装,随时看房"
整租·罗山六村 2室1厅 南,浦东,金杨,罗山六村,68,南,2室1厅1卫,高楼层                        ,6,"近地铁,精装,随时看房"
整租·上海花城 2室1厅 南,长宁,中山公园,上海花城,100,南,2室1厅1卫,高楼层                        ,11,"近地铁,随时看房"
整租·金巢铂瑞阁 1室1厅 东,徐汇,斜土路,金巢铂瑞阁,61,东,1室1厅1卫,中楼层                        ,14,"近地铁,精装,随时看房"
整租·凌兆新村(凌兆路726弄) 1室1厅 南,浦东,三林,凌兆新村(凌兆路726弄),50,南,1室1厅1卫,高楼层                        ,6,"近地铁,随时看房"
整租·万富汇 1室1厅 南,浦东,三林,万富汇,45,南,1室1厅1卫,低楼层                        ,4,"近地铁,精装,随时看房"
整租·上南三村 1室0厅 南,浦东,世博,上南三村,35,南,1室0厅1卫,高楼层                        ,6,"近地铁,精装,随时看房"
整租·金杨新村三街坊 2室1厅 南,浦东,金杨,金杨新村三街坊,58,南,2室1厅1卫,低楼层                        ,7,"近地铁,随时看房"
整租·巨杨小区 2室1厅 南,浦东,洋泾,巨杨小区,53,南,2室1厅1卫,中楼层                        ,6,"近地铁,精装,随时看房"
整租·钦州花苑 2室1厅 东南/南/西南,徐汇,田林,钦州花苑,109,东南 南 西南,2室1厅1卫,高楼层                        ,29,"新上,近地铁,随时看房"
整租·金巢铂瑞阁 1室1厅 南,徐汇,斜土路,金巢铂瑞阁,61,南,1室1厅1卫,高楼层                        ,14,"近地铁,精装,随时看房"
整租·金杨新村四街坊 1室0厅 南,浦东,金杨,金杨新村四街坊,37,南,1室0厅1卫,高楼层                        ,6,"近地铁,随时看房"
整租·临沂八村 1室1厅 南,浦东,南码头,临沂八村,37,南,1室1厅1卫,中楼层                        ,6,"近地铁,随时看房"
整租·海院小区 1室0厅 南,浦东,源深,海院小区,34,南,1室0厅1卫,中楼层                        ,6,随时看房
整租·罗山七村 1室1厅 南,浦东,金杨,罗山七村,43,南,1室1厅1卫,高楼层                        ,6,"近地铁,精装,随时看房"
整租·虹桥新城 2室2厅 东南/南,长宁,中山公园,虹桥新城,106,东南 南,2室2厅1卫,中楼层                        ,32,"近地铁,随时看房"
整租·济阳一村 1室1厅 南,浦东,世博,济阳一村,42,南,1室1厅1卫,高楼层                        ,6,随时看房
整租·金杨新村十一街坊 2室1厅 南,浦东,金杨,金杨新村十一街坊,60,南,2室1厅1卫,高楼层                        ,6,随时看房
整租·长桥新村 1室1厅 南,徐汇,长桥,长桥新村,36,南,1室1厅1卫,高楼层                        ,5,"新上,精装,随时看房"
整租·荣盛名邸(公寓) 2室2厅 南,松江,莘闵别墅,荣盛名邸(公寓),92,南,2室2厅1卫,中楼层                        ,14,"新上,精装,随时看房"
整租·绿地璀璨天城 3室1厅 南,闵行,老闵行,绿地璀璨天城,96,南,3室1厅2卫,低楼层                        ,26,"新上,精装,双卫生间,随时看房"
整租·中凯城市之光(静安) 1室2厅 南,静安,南京西路,中凯城市之光(静安),64,南,1室2厅1卫,低楼层                        ,29,"新上,近地铁,随时看房"
整租·静安晶华园 2室2厅 南,静安,江宁路,静安晶华园,108,南,2室2厅2卫,高楼层                        ,33,"新上,近地铁,精装,双卫生间,随时看房"
整租·金地自在城(二期) 3室1厅 南,松江,泗泾,金地自在城(二期),96,南,3室1厅1卫,高楼层                        ,16,"新上,精装,随时看房"
整租·平吉二村 2室1厅 南,闵行,古美,平吉二村,62,南,2室1厅1卫,高楼层                        ,6,"新上,近地铁,精装,随时看房"
整租·馨宁公寓 1室0厅 南,徐汇,华泾,馨宁公寓,42,南,1室0厅1卫,中楼层                        ,29,"新上,随时看房"
整租·陇南小区 1室1厅 南,徐汇,华东理工,陇南小区,48,南,1室1厅1卫,中楼层                        ,6,"新上,随时看房"
整租·平南一二村 1室1厅 南,闵行,古美,平南一二村,48,南,1室1厅1卫,高楼层                        ,6,"新上,近地铁,精装,随时看房"
整租·星纳家园 3室2厅 南,浦东,曹路,星纳家园,97,南,3室2厅1卫,高楼层                        ,16,"新上,精装,随时看房"
整租·春申玫瑰苑 2室2厅 南,闵行,莘庄,春申玫瑰苑,100,南,2室2厅1卫,中楼层                        ,12,"新上,精装,随时看房"
整租·万科白马花园(公寓) 2室2厅 南,松江,莘闵别墅,万科白马花园(公寓),64,南,2室2厅1卫,高楼层                        ,5,"新上,精装,随时看房"
整租·盛源花园 3室1厅 南,闵行,梅陇,盛源花园,95,南,3室1厅1卫,高楼层                        ,6,随时看房
整租·高兴花园 2室1厅 南,闵行,春申,高兴花园,70,南,2室1厅1卫,高楼层                        ,6,"精装,随时看房"
整租·莘松七村 2室1厅 南,闵行,莘庄,莘松七村,54,南,2室1厅1卫,高楼层                        ,6,随时看房
整租·金地湾流域（三期366弄别墅/大平层） 2室2厅 南,浦东,三林,金地湾流域（三期366弄别墅,89,南,2室2厅1卫,中楼层                        ,14,"近地铁,精装,随时看房"
整租·中大九里德(公寓) 1室1厅 南,松江,九亭,中大九里德(公寓),52,南,1室1厅1卫,中楼层                        ,15,"精装,随时看房"
整租·航华二村春晖小区 2室1厅 南,闵行,航华,航华二村春晖小区,50,南,2室1厅1卫,中楼层                        ,6,"近地铁,随时看房"
整租·三湘青年 2室1厅 南,松江,泗泾,三湘青年,46,南,2室1厅1卫,中楼层                        ,19,"近地铁,随时看房"
整租·横港路133号 2室1厅 南/北,松江,泗泾,横港路133号,60,南 北,2室1厅1卫,高楼层                        ,4,"近地铁,精装,随时看房"
整租·瑞金尊邸 2室2厅 南,徐汇,斜土路,瑞金尊邸,88,南,2室2厅1卫,中楼层                        ,12,"近地铁,精装,随时看房"
整租·三盛颐景园(公寓) 3室2厅 南,松江,九亭,三盛颐景园(公寓),121,南,3室2厅1卫,高楼层                        ,6,随时看房
整租·上海康城 2室1厅 南,闵行,莘庄,上海康城,92,南,2室1厅2卫,中楼层                        ,8,"双卫生间,随时看房"
整租·三佳花苑 2室1厅 南,闵行,七宝,三佳花苑,52,南,2室1厅1卫,高楼层                        ,5,"近地铁,随时看房"
整租·龙阳花苑 2室2厅 南,浦东,南码头,龙阳花苑,90,南,2室2厅1卫,高楼层                        ,6,"近地铁,精装,随时看房"
整租·翠庭 3室2厅 南,长宁,虹桥,翠庭,151,南,3室2厅2卫,低楼层                        ,10,"近地铁,精装,双卫生间,随时看房"
整租·紫晶南园 2室2厅 南,闵行,吴泾,紫晶南园,81,南,2室2厅1卫,中楼层                        ,6,"精装,随时看房"
整租·万科阳光苑 2室2厅 南/北,闵行,吴泾,万科阳光苑,79,南 北,2室2厅1卫,高楼层                        ,6,"精装,随时看房"
整租·艾格美国际公寓 2室1厅 东南/南,静安,南京西路,艾格美国际公寓,139,东南 南,2室1厅2卫,低楼层                        ,32,"近地铁,精装,双卫生间,随时看房"
整租·华泽新苑 3室1厅 南,松江,新桥,华泽新苑,72,南,3室1厅1卫,高楼层                        ,18,随时看房
整租·象屿品城 2室2厅 南,松江,九亭,象屿品城,83,南,2室2厅1卫,低楼层                        ,11,"精装,随时看房"
整租·润江花苑 1室1厅 南,松江,泗泾,润江花苑,60,南,1室1厅1卫,高楼层                        ,11,随时看房
整租·金坤花园 1室1厅 南,闵行,金汇,金坤花园,33,南,1室1厅1卫,中楼层                        ,6,"近地铁,精装,随时看房"
整租·润江花苑 2室1厅 南/北,松江,泗泾,润江花苑,85,南 北,2室1厅1卫,低楼层                        ,6,"精装,随时看房"
整租·龙柏四村三小区 2室1厅 南,闵行,龙柏,龙柏四村三小区,66,南,2室1厅1卫,高楼层                        ,6,"近地铁,随时看房"
整租·金杨新村八街坊 2室2厅 南,浦东,金杨,金杨新村八街坊,80,南,2室2厅1卫,中楼层                        ,24,"近地铁,精装,随时看房"
整租·荣盛名邸(公寓) 3室2厅 南,松江,莘闵别墅,荣盛名邸(公寓),109,南,3室2厅1卫,低楼层                        ,14,"精装,随时看房"
整租·苗圃路138弄 2室1厅 南,浦东,洋泾,苗圃路138弄,88,南,2室1厅1卫,中楼层                        ,6,"近地铁,随时看房"
整租·上海康城 2室2厅 南,闵行,莘庄,上海康城,95,南,2室2厅2卫,高楼层                        ,8,"双卫生间,随时看房"
整租·佘北家园紫鹃苑 2室2厅 南/北,松江,佘山,佘北家园紫鹃苑,90,南 北,2室2厅1卫,中楼层                        ,20,"精装,随时看房"
整租·新天地河滨花园 2室2厅 南,长宁,天山,新天地河滨花园,86,南,2室2厅1卫,低楼层                        ,26,"近地铁,精装,随时看房"
整租·塘和家园久康苑 2室1厅 南,松江,泗泾,塘和家园久康苑,78,南,2室1厅1卫,中楼层                        ,17,"精装,随时看房"
整租·华唐苑 3室2厅 南,闵行,春申,华唐苑,111,南,3室2厅1卫,低楼层                        ,6,随时看房
整租·罗阳三村 2室1厅 南,闵行,梅陇,罗阳三村,75,南,2室1厅1卫,高楼层                        ,6,"精装,随时看房"
整租·南郊别墅(公寓) 2室1厅 南/北,闵行,颛桥,南郊别墅(公寓),94,南 北,2室1厅1卫,高楼层                        ,4,随时看房
整租·春申景城湖滨晨韵 2室1厅 南,闵行,春申,春申景城湖滨晨韵,64,南,2室1厅1卫,中楼层                        ,17,随时看房
整租·三佳花苑 1室1厅 南,闵行,七宝,三佳花苑,43,南,1室1厅1卫,高楼层                        ,6,"近地铁,随时看房"
整租·颛溪八村 1室1厅 南,闵行,颛桥,颛溪八村,45,南,1室1厅1卫,高楼层                        ,6,"近地铁,随时看房"
整租·蒲汇新村 1室1厅 南,闵行,七宝,蒲汇新村,47,南,1室1厅1卫,高楼层                        ,6,"近地铁,精装,随时看房"
整租·红明一村 2室1厅 南,闵行,静安新城,红明一村,61,南,2室1厅1卫,高楼层                        ,6,"近地铁,精装,随时看房"
整租·龙柏六村 2室1厅 南,闵行,龙柏,龙柏六村,66,南,2室1厅1卫,中楼层                        ,6,"近地铁,随时看房"
整租·高兴花园 2室1厅 南/北,闵行,春申,高兴花园,70,南 北,2室1厅1卫,高楼层                        ,6,随时看房
整租·静安新城十区 2室1厅 南,闵行,静安新城,静安新城十区,70,南,2室1厅1卫,高楼层                        ,4,"精装,随时看房"
整租·华梅花苑 2室1厅 南,闵行,古美,华梅花苑,58,南,2室1厅1卫,高楼层                        ,6,"近地铁,随时看房"
整租·海苑大厦 2室2厅 东南,浦东,洋泾,海苑大厦,91,东南,2室2厅1卫,中楼层                        ,25,"近地铁,随时看房"
整租·德华二村 1室1厅 南,嘉定,南翔,德华二村,40,南,1室1厅1卫,高楼层                        ,6,"新上,精装,随时看房"
整租·罗阳七村(华宝小区) 2室1厅 南,闵行,梅陇,罗阳七村(华宝小区),52,南,2室1厅1卫,高楼层                        ,6,"近地铁,随时看房"
整租·今天花园 2室2厅 南,闵行,颛桥,今天花园,98,南,2室2厅1卫,中楼层                        ,8,"精装,随时看房"
整租·平阳新村四街坊 1室1厅 南,闵行,古美,平阳新村四街坊,64,南,1室1厅1卫,高楼层                        ,5,随时看房
整租·夏朵园 2室2厅 南,闵行,老闵行,夏朵园,88,南,2室2厅1卫,高楼层                        ,5,"新上,随时看房"
整租·中梅苑 2室2厅 南,闵行,梅陇,中梅苑,95,南,2室2厅1卫,低楼层                        ,14,"精装,随时看房"
整租·御翠豪庭 1室2厅 南,长宁,古北,御翠豪庭,71,南,1室2厅1卫,低楼层                        ,32,"近地铁,精装,随时看房"
整租·丽都城假日景苑 2室2厅 南,闵行,老闵行,丽都城假日景苑,93,南,2室2厅1卫,高楼层                        ,6,"新上,近地铁,随时看房"
整租·上海春城 2室2厅 南,闵行,春申,上海春城,95,南,2室2厅1卫,高楼层                        ,10,随时看房
整租·江中公寓 2室2厅 南,松江,松江新城,江中公寓,94,南,2室2厅1卫,高楼层                        ,6,"新上,近地铁,随时看房"
整租·国际丽都城 2室2厅 南/北,静安,南京西路,国际丽都城,128,南 北,2室2厅2卫,低楼层                        ,27,"近地铁,精装,双卫生间,随时看房"
整租·金外滩花园 3室2厅 南,黄浦,黄浦滨江,金外滩花园,162,南,3室2厅2卫,低楼层                        ,27,"新上,近地铁,精装,双卫生间,随时看房"
整租·金地格林世界格林公馆(酒店式公寓) 1室1厅 南,嘉定,南翔,金地格林世界格林公馆(酒店式公寓),61,南,1室1厅1卫,高楼层                        ,12,"近地铁,精装,随时看房"
整租·高兴花园 2室1厅 南,闵行,春申,高兴花园,66,南,2室1厅1卫,高楼层                        ,6,随时看房
整租·金台苑 2室2厅 南/北,浦东,金杨,金台苑,97,南 北,2室2厅2卫,高楼层                        ,6,"近地铁,双卫生间,随时看房"
整租·方舟园四村 4室2厅 南/北,松江,松江老城,方舟园四村,152,南 北,4室2厅2卫,高楼层                        ,6,"近地铁,双卫生间,随时看房"
整租·园艺新村 1室1厅 南,闵行,七宝,园艺新村,43,南,1室1厅1卫,中楼层                        ,6,"新上,随时看房"
整租·万科七宝国际 2室1厅 南,闵行,七宝,万科七宝国际,45,南,2室1厅2卫,高楼层                        ,8,"近地铁,双卫生间,随时看房"
整租·康怡苑 2室0厅 南/东北,普陀,长寿路,康怡苑,70,南 东北,2室0厅1卫,中楼层                        ,26,"近地铁,随时看房"
整租·黄山始信苑 2室1厅 南,浦东,金杨,黄山始信苑,81,南,2室1厅1卫,高楼层                        ,6,"近地铁,精装,随时看房"
整租·华菁公寓 2室1厅 东/西,闵行,航华,华菁公寓,76,东 西,2室1厅1卫,中楼层                        ,13,随时看房
整租·西林小区 2室1厅 南,松江,松江老城,西林小区,74,南,2室1厅1卫,高楼层                        ,6,随时看房
整租·万泰花园 1室1厅 南,闵行,七宝,万泰花园,48,南,1室1厅1卫,高楼层                        ,6,随时看房
整租·上海阳城 1室1厅 南,闵行,梅陇,上海阳城,50,南,1室1厅1卫,中楼层                        ,6,"近地铁,随时看房"
整租·三盛颐景园(公寓) 2室1厅 南,松江,九亭,三盛颐景园(公寓),99,南,2室1厅1卫,高楼层                        ,5,"精装,随时看房"
整租·金谊河畔 2室2厅 南,浦东,三林,金谊河畔,113,南,2室2厅1卫,中楼层                        ,17,"近地铁,随时看房"
整租·白浪新村 1室1厅 南,闵行,七宝,白浪新村,48,南,1室1厅1卫,高楼层                        ,6,"近地铁,精装,随时看房"
整租·春申景城湖滨晨韵 2室1厅 南,闵行,春申,春申景城湖滨晨韵,67,南,2室1厅1卫,低楼层                        ,17,随时看房
整租·罗阳四村 1室0厅 南,闵行,梅陇,罗阳四村,33,南,1室0厅1卫,高楼层                        ,6,"新上,随时看房"
整租·沁春路1122弄 3室1厅 南,闵行,莘庄,沁春路1122弄,93,南,3室1厅1卫,低楼层                        ,6,"近地铁,随时看房"
整租·梅陇五村 2室1厅 南/西,徐汇,华东理工,梅陇五村,52,南 西,2室1厅1卫,中楼层                        ,6,"新上,随时看房"
整租·杜鹃园 2室1厅 南,徐汇,康健,杜鹃园,59,南,2室1厅1卫,高楼层                        ,6,"新上,近地铁,精装,随时看房"
整租·明中龙祥家园(公寓) 2室1厅 南,松江,莘闵别墅,明中龙祥家园(公寓),68,南,2室1厅1卫,高楼层                        ,18,"精装,随时看房"
整租·静安新城十区 2室1厅 南,闵行,静安新城,静安新城十区,71,南,2室1厅1卫,中楼层                        ,6,随时看房
整租·园南二村 2室1厅 南,徐汇,植物园,园南二村,58,南,2室1厅1卫,高楼层                        ,6,"新上,随时看房"
整租·长桥五村 2室1厅 南,徐汇,长桥,长桥五村,62,南,2室1厅1卫,中楼层                        ,6,"新上,随时看房"
整租·长丰坊 1室1厅 南,徐汇,康健,长丰坊,44,南,1室1厅1卫,高楼层                        ,6,"新上,随时看房"
整租·仁恒河滨花园 3室2厅 北,长宁,天山,仁恒河滨花园,123,北,3室2厅1卫,低楼层                        ,27,"新上,近地铁,精装,随时看房"
整租·紫金花园 2室2厅 南,松江,九亭,紫金花园,99,南,2室2厅1卫,高楼层                        ,14,"精装,随时看房"
整租·三湘森林海尚(嘉定) 2室2厅 南,嘉定,南翔,三湘森林海尚(嘉定),90,南,2室2厅1卫,中楼层                        ,18,"精装,随时看房"
整租·万科假日风景(公寓) 3室2厅 南,闵行,莘庄,万科假日风景(公寓),129,南,3室2厅2卫,高楼层                        ,6,"精装,双卫生间,随时看房"
整租·陆家嘴花园(一期) 2室1厅 南,浦东,源深,陆家嘴花园(一期),105,南,2室1厅1卫,低楼层                        ,9,"近地铁,精装,随时看房"
整租·新南路壹号(公寓) 3室2厅 南,松江,莘闵别墅,新南路壹号(公寓),105,南,3室2厅2卫,低楼层                        ,12,"精装,双卫生间,随时看房"
整租·爱博二村 2室2厅 南,闵行,华漕,爱博二村,106,南,2室2厅1卫,低楼层                        ,13,"精装,随时看房"
整租·三盛颐景园(公寓) 3室2厅 南,松江,九亭,三盛颐景园(公寓),110,南,3室2厅1卫,中楼层                        ,8,"精装,随时看房"
整租·龙柏香榭苑 2室2厅 东南,闵行,龙柏,龙柏香榭苑,106,东南,2室2厅1卫,中楼层                        ,13,"近地铁,随时看房"
整租·珠江玫瑰花园(公寓) 2室1厅 南,浦东,源深,珠江玫瑰花园(公寓),96,南,2室1厅1卫,中楼层                        ,24,"精装,随时看房"
整租·东方城市花园(二期) 2室2厅 南,浦东,南码头,东方城市花园(二期),121,南,2室2厅1卫,高楼层                        ,24,"新上,近地铁,精装,随时看房"
整租·金桥都市花园 3室2厅 南,浦东,金桥,金桥都市花园,126,南,3室2厅2卫,低楼层                        ,11,"近地铁,精装,双卫生间,随时看房"
整租·绿庭尚城 2室2厅 南,松江,九亭,绿庭尚城,94,南,2室2厅1卫,中楼层                        ,27,"精装,随时看房"
整租·大上海国际花园十四区 3室2厅 南,闵行,静安新城,大上海国际花园十四区,103,南,3室2厅1卫,中楼层                        ,6,"近地铁,精装,随时看房"
整租·上海源花城 2室2厅 南,松江,九亭,上海源花城,103,南,2室2厅1卫,低楼层                        ,17,"新上,精装,随时看房"
整租·BPC陆家嘴创业街区 2室1厅 南,浦东,洋泾,BPC陆家嘴创业街区,60,南,2室1厅1卫,高楼层                        ,17,"近地铁,精装,随时看房"
整租·虹桥帝梵尼 3室2厅 南,闵行,金虹桥,虹桥帝梵尼,131,南,3室2厅1卫,中楼层                        ,7,"精装,随时看房"
整租·长青坊 1室0厅 南,徐汇,康健,长青坊,39,南,1室0厅1卫,中楼层                        ,6,随时看房
整租·象屿都城 3室2厅 南,松江,九亭,象屿都城,89,南,3室2厅1卫,低楼层                        ,14,随时看房
整租·九城湖滨国际 3室2厅 南/北,松江,九亭,九城湖滨国际,123,南 北,3室2厅2卫,中楼层                        ,14,"精装,双卫生间,随时看房"
整租·旭辉新构想 3室2厅 南,浦东,洋泾,旭辉新构想,137,南,3室2厅2卫,高楼层                        ,24,"近地铁,精装,双卫生间,随时看房"
整租·静安新城七区 2室2厅 南,闵行,静安新城,静安新城七区,95,南,2室2厅2卫,高楼层                        ,12,"近地铁,精装,双卫生间,随时看房"
整租·金坤花园 2室2厅 南,闵行,金汇,金坤花园,98,南,2室2厅1卫,中楼层                        ,6,"近地铁,随时看房"
整租·嘉和花苑 2室2厅 南,闵行,梅陇,嘉和花苑,91,南,2室2厅1卫,低楼层                        ,11,"近地铁,随时看房"
整租·东方城市花园(二期) 2室2厅 南,浦东,南码头,东方城市花园(二期),108,南,2室2厅1卫,高楼层                        ,31,"近地铁,精装,随时看房"
整租·上海源花城 2室2厅 南,松江,九亭,上海源花城,95,南,2室2厅1卫,高楼层                        ,11,"精装,随时看房"
整租·朗庭上郡苑(公寓) 3室2厅 南,松江,九亭,朗庭上郡苑(公寓),89,南,3室2厅1卫,低楼层                        ,11,"精装,随时看房"
整租·上海源花城 2室2厅 南,松江,九亭,上海源花城,105,南,2室2厅1卫,低楼层                        ,17,"精装,随时看房"
整租·国亭花苑 3室2厅 南,松江,九亭,国亭花苑,106,南,3室2厅1卫,中楼层                        ,6,随时看房
整租·贝尚湾(公寓) 2室2厅 南,松江,九亭,贝尚湾(公寓),92,南,2室2厅1卫,中楼层                        ,16,"精装,随时看房"
整租·象屿都城 3室2厅 南,松江,九亭,象屿都城,99,南,3室2厅1卫,高楼层                        ,14,"精装,随时看房"
整租·奥林匹克花园 3室2厅 南,松江,九亭,奥林匹克花园,143,南,3室2厅2卫,高楼层                        ,5,"精装,双卫生间,随时看房"
整租·都市星城 2室2厅 南,闵行,莘庄,都市星城,87,南,2室2厅1卫,高楼层                        ,10,"近地铁,随时看房"
整租·贝尚湾(公寓) 2室2厅 南,松江,九亭,贝尚湾(公寓),98,南,2室2厅1卫,中楼层                        ,17,"精装,随时看房"
整租·东方城市花园(一期) 3室2厅 南/北,浦东,塘桥,东方城市花园(一期),133,南 北,3室2厅2卫,中楼层                        ,11,"近地铁,双卫生间,随时看房"
整租·湖畔天下 3室2厅 南/北,嘉定,南翔,湖畔天下,113,南 北,3室2厅2卫,中楼层                        ,19,"精装,双卫生间,随时看房"
整租·云山星座苑 2室2厅 南,浦东,金杨,云山星座苑,95,南,2室2厅1卫,中楼层                        ,13,"近地铁,精装,随时看房"
整租·虹景苑 1室1厅 南/北,闵行,春申,虹景苑,50,南 北,1室1厅1卫,高楼层                        ,6,"新上,随时看房"
整租·双柏小区 1室1厅 南,闵行,吴泾,双柏小区,39,南,1室1厅1卫,高楼层                        ,6,"新上,随时看房"
整租·虹景苑 1室1厅 南/北,闵行,春申,虹景苑,50,南 北,1室1厅1卫,高楼层                        ,6,"新上,随时看房"
整租·森林公馆乐莫苑 2室1厅 北,松江,松江老城,森林公馆乐莫苑,35,北,2室1厅1卫,低楼层                        ,6,"新上,随时看房"
整租·大木桥路450弄 2室1厅 东/东南,徐汇,斜土路,大木桥路450弄,61,东 东南,2室1厅1卫,中楼层                        ,9,"近地铁,随时看房"
整租·茶陵小区 2室0厅 南,徐汇,斜土路,茶陵小区,54,南,2室0厅1卫,低楼层                        ,6,"新上,近地铁,随时看房"
整租·六里二村 2室0厅 南,浦东,世博,六里二村,45,南,2室0厅1卫,高楼层                        ,6,"新上,近地铁,随时看房"
整租·航东路750弄 1室1厅 南,闵行,航华,航东路750弄,45,南,1室1厅1卫,高楼层                        ,6,随时看房
整租·佳乐苑 2室1厅 南,青浦,夏阳,佳乐苑,73,南,2室1厅1卫,高楼层                        ,6,"新上,随时看房"
整租·金杨六街坊 1室1厅 南,浦东,金杨,金杨六街坊,41,南,1室1厅1卫,高楼层                        ,6,"新上,近地铁,随时看房"
整租·鹤北新村 1室1厅 南,闵行,老闵行,鹤北新村,37,南,1室1厅1卫,中楼层                        ,6,"近地铁,精装,随时看房"
整租·德州一村 2室0厅 东南/南,浦东,世博,德州一村,49,东南 南,2室0厅1卫,高楼层                        ,6,"近地铁,随时看房"
整租·海尚名都 2室2厅 南,松江,松江老城,海尚名都,90,南,2室2厅1卫,中楼层                        ,21,"新上,随时看房"
整租·古美小区 1室1厅 南,闵行,古美,古美小区,42,南,1室1厅1卫,高楼层                        ,6,"新上,近地铁,随时看房"
整租·华梅花苑 1室1厅 南,闵行,古美,华梅花苑,55,南,1室1厅1卫,高楼层                        ,6,"新上,近地铁,随时看房"
整租·海伦堡爱ME城市 1室1厅 南,嘉定,南翔,海伦堡爱ME城市,71,南,1室1厅1卫,中楼层                        ,31,"新上,随时看房"
整租·报春二村 2室1厅 南,闵行,莘庄,报春二村,62,南,2室1厅1卫,中楼层                        ,6,"新上,随时看房"
整租·夏朵园 2室2厅 南/北,闵行,老闵行,夏朵园,96,南 北,2室2厅1卫,高楼层                        ,6,"新上,精装,随时看房"
整租·万科白马花园(公寓) 3室2厅 南/北,松江,莘闵别墅,万科白马花园(公寓),88,南 北,3室2厅1卫,中楼层                        ,5,"新上,精装,随时看房"
整租·西环二村 2室1厅 南,闵行,莘庄,西环二村,69,南,2室1厅1卫,高楼层                        ,6,"新上,随时看房"
整租·银都新村(8至10区) 2室1厅 南,闵行,颛桥,银都新村(8至10区),63,南,2室1厅1卫,高楼层                        ,6,"新上,随时看房"
整租·九城湖滨国际 1室1厅 南,松江,九亭,九城湖滨国际,60,南,1室1厅1卫,低楼层                        ,16,"精装,随时看房"
整租·银厦花园 2室1厅 南/北,闵行,莘庄,银厦花园,80,南 北,2室1厅1卫,中楼层                        ,15,"新上,精装,随时看房"
整租·维罗纳贵都 3室2厅 南,松江,松江老城,维罗纳贵都,92,南,3室2厅1卫,中楼层                        ,14,"新上,随时看房"
整租·莘松三村 2室0厅 南,闵行,莘庄,莘松三村,54,南,2室0厅1卫,高楼层                        ,5,随时看房
整租·禹洲府 2室1厅 南,闵行,老闵行,禹洲府,77,南,2室1厅1卫,中楼层                        ,20,"新上,精装,随时看房"
整租·三佳花苑 2室1厅 南,闵行,七宝,三佳花苑,52,南,2室1厅1卫,高楼层                        ,6,"近地铁,随时看房"
整租·西环二村 2室1厅 南,闵行,莘庄,西环二村,69,南,2室1厅1卫,高楼层                        ,6,随时看房
整租·航华一村 2室1厅 南,闵行,航华,航华一村,59,南,2室1厅1卫,高楼层                        ,6,随时看房
整租·东苑绿世界花园(三期) 3室2厅 南,闵行,古美,东苑绿世界花园(三期),133,南,3室2厅2卫,高楼层                        ,14,"新上,近地铁,双卫生间,随时看房"
整租·嘉和阳光城 2室2厅 南,松江,九亭,嘉和阳光城,104,南,2室2厅1卫,高楼层                        ,14,"近地铁,精装,随时看房"
整租·上海春城 3室2厅 南,闵行,春申,上海春城,130,南,3室2厅2卫,中楼层                        ,6,"精装,双卫生间,随时看房"
整租·红旗四街坊 2室1厅 南,闵行,老闵行,红旗四街坊,77,南,2室1厅1卫,中楼层                        ,6,"新上,随时看房"
整租·金地格林世界(格林公馆) 2室1厅 南,嘉定,南翔,金地格林世界(格林公馆),69,南,2室1厅1卫,中楼层                        ,22,"新上,随时看房"
整租·冠生园路237弄 1室1厅 南,徐汇,康健,冠生园路237弄,45,南,1室1厅1卫,高楼层                        ,6,"新上,近地铁,随时看房"
整租·大连小区 2室1厅 东,虹口,临平路,大连小区,78,东,2室1厅1卫,高楼层                        ,25,"新上,近地铁"
整租·新风小区 1室1厅 南,长宁,中山公园,新风小区,37,南,1室1厅1卫,高楼层                        ,6,"新上,近地铁,随时看房"
整租·龙南七村 1室1厅 南,徐汇,龙华,龙南七村,35,南,1室1厅1卫,中楼层                        ,6,"新上,近地铁,精装"
整租·汇成一村 1室0厅 南,徐汇,上海南站,汇成一村,34,南,1室0厅1卫,中楼层                        ,6,"新上,随时看房"
整租·丹桂佳苑 1室1厅 南/北,浦东,惠南,丹桂佳苑,55,南 北,1室1厅1卫,中楼层                        ,6,新上
整租·西南新村 2室1厅 南/北,浦东,惠南,西南新村,39,南 北,2室1厅1卫,低楼层                        ,5,新上
整租·虹桥高登花园 1室1厅 南,长宁,西郊,虹桥高登花园,41,南,1室1厅1卫,低楼层                        ,6,"新上,精装,随时看房"
整租·鞍山路215弄 1室0厅 南,杨浦,鞍山,鞍山路215弄,35,南,1室0厅1卫,低楼层                        ,5,"新上,近地铁"
整租·滨江小区 1室1厅 南,徐汇,徐汇滨江,滨江小区,61,南,1室1厅1卫,高楼层                        ,6,"新上,近地铁,随时看房"
整租·共康四村 1室1厅 南,静安,彭浦,共康四村,37,南,1室1厅1卫,高楼层                        ,6,新上
整租·市光四村 1室1厅 南,杨浦,中原,市光四村,42,南,1室1厅1卫,中楼层                        ,6,"新上,近地铁"
整租·大吉路310弄 1室0厅 西南,黄浦,老西门,大吉路310弄,20,西南,1室0厅1卫,高楼层                        ,2,"新上,近地铁,随时看房"
整租·平型关路235弄 1室0厅 南,静安,闸北公园,平型关路235弄,35,南,1室0厅1卫,高楼层                        ,6,"新上,近地铁"
整租·阳光城市家园 1室1厅 北,浦东,金桥,阳光城市家园,30,北,1室1厅1卫,低楼层                        ,16,新上
整租·富特四村 3室1厅 南,浦东,外高桥,富特四村,79,南,3室1厅1卫,中楼层                        ,6,"新上,月租,近地铁"
整租·思南路115弄 1室1厅 西南,黄浦,打浦桥,思南路115弄,34,西南,1室1厅1卫,高楼层                        ,7,"新上,近地铁"
整租·天宝西路252弄 1室0厅 南,虹口,曲阳,天宝西路252弄,33,南,1室0厅1卫,低楼层                        ,5,"新上,近地铁"
整租·繁荣安居 1室1厅 南,浦东,周浦,繁荣安居,30,南,1室1厅1卫,高楼层                        ,11,新上
整租·延长中路451弄 1室1厅 南,静安,大宁,延长中路451弄,31,南,1室1厅1卫,中楼层                        ,6,"新上,近地铁"
整租·梅陇十一村 2室0厅 南/北,徐汇,华东理工,梅陇十一村,54,南 北,2室0厅1卫,中楼层                        ,6,新上
整租·控江二村 1室1厅 南,杨浦,控江路,控江二村,35,南,1室1厅1卫,高楼层                        ,5,"新上,近地铁,随时看房"
整租·工农三村 1室1厅 南,杨浦,中原,工农三村,37,南,1室1厅1卫,高楼层                        ,6,"新上,近地铁,随时看房"
整租·蓬莱路303弄 2室0厅 南/北,黄浦,豫园,蓬莱路303弄,38,南 北,2室0厅1卫,低楼层                        ,4,"新上,近地铁,精装,随时看房"
整租·荡湾新村 2室1厅 南,浦东,惠南,荡湾新村,52,南,2室1厅1卫,高楼层                        ,5,新上
整租·江宁路906弄 1室1厅 南,静安,江宁路,江宁路906弄,33,南,1室1厅1卫,高楼层                        ,7,"新上,近地铁,随时看房"
整租·天山五村(旧) 1室0厅 南,长宁,天山,天山五村(旧),32,南,1室0厅1卫,中楼层                        ,4,"新上,近地铁,随时看房"
整租·铁岭大楼 1室1厅 南,杨浦,鞍山,铁岭大楼,34,南,1室1厅1卫,高楼层                        ,5,"新上,近地铁,随时看房"
整租·邮电新村 1室0厅 南,虹口,曲阳,邮电新村,32,南,1室0厅1卫,高楼层                        ,5,"新上,近地铁"
整租·新泾二村 1室0厅 南/北,长宁,北新泾,新泾二村,32,南 北,1室0厅1卫,高楼层                        ,6,"新上,近地铁,随时看房"
整租·园南三村 1室1厅 南,徐汇,植物园,园南三村,43,南,1室1厅1卫,高楼层                        ,6,"新上,随时看房"
整租·惠益新苑 2室1厅 南,浦东,惠南,惠益新苑,78,南,2室1厅1卫,中楼层                        ,18,"新上,随时看房"
整租·康平小区 2室0厅 南,静安,彭浦,康平小区,49,南,2室0厅1卫,高楼层                        ,6,"新上,近地铁,随时看房"
整租·新丰小区 1室1厅 南,静安,江宁路,新丰小区,35,南,1室1厅1卫,高楼层                        ,7,"新上,近地铁,精装"
整租·华苑小区 1室0厅 南,长宁,中山公园,华苑小区,28,南,1室0厅1卫,高楼层                        ,5,"新上,近地铁"
整租·保德路425弄 1室0厅 南,静安,彭浦,保德路425弄,27,南,1室0厅1卫,中楼层                        ,6,"新上,随时看房"
整租·番禺大厦 1室0厅 南,长宁,新华路,番禺大厦,34,南,1室0厅1卫,低楼层                        ,29,"新上,近地铁,精装,随时看房"
整租·打浦路339弄 1室0厅 北,黄浦,打浦桥,打浦路339弄,25,北,1室0厅1卫,中楼层                        ,5,"新上,近地铁"
整租·奔腾新干线 1室1厅 东南,静安,西藏北路,奔腾新干线,41,东南,1室1厅1卫,中楼层                        ,32,"新上,近地铁"
整租·定西路615弄 1室0厅 东,长宁,新华路,定西路615弄,35,东,1室0厅1卫,低楼层                        ,6,"新上,近地铁,精装"
整租·中行小区 1室0厅 南,静安,曹家渡,中行小区,30,南,1室0厅1卫,低楼层                        ,4,"新上,近地铁,随时看房"
整租·和源名城 1室1厅 南,静安,彭浦,和源名城,51,南,1室1厅1卫,低楼层                        ,33,新上
整租·桃浦六村樱花苑 1室1厅 南,普陀,桃浦,桃浦六村樱花苑,43,南,1室1厅1卫,低楼层                        ,6,"新上,近地铁"
整租·丰三小区 1室1厅 南,徐汇,龙华,丰三小区,68,南,1室1厅1卫,高楼层                        ,6,"新上,近地铁"
整租·古宋小区 1室1厅 南,长宁,仙霞,古宋小区,45,南,1室1厅1卫,高楼层                        ,6,近地铁
整租·云树仁居 2室2厅 南,浦东,泥城镇,云树仁居,82,南,2室2厅1卫,低楼层                        ,6,新上
整租·闸北场中公寓 2室1厅 南,静安,永和,闸北场中公寓,52,南,2室1厅1卫,低楼层                        ,6,"新上,近地铁"
整租·安东小区 1室1厅 南,长宁,新华路,安东小区,35,南,1室1厅1卫,高楼层                        ,6,近地铁
整租·中福花苑 2室1厅 西,黄浦,蓬莱公园,中福花苑,49,西,2室1厅1卫,中楼层                        ,19,"新上,近地铁,精装"
整租·复兴中路1218弄 1室1厅 东南,徐汇,衡山路,复兴中路1218弄,13,东南,1室1厅1卫,高楼层                        ,2,"新上,近地铁,精装,随时看房"
整租·鞍山一村 1室0厅 南,杨浦,鞍山,鞍山一村,35,南,1室0厅1卫,高楼层                        ,5,"新上,近地铁"
整租·百龙小区 1室1厅 南,徐汇,植物园,百龙小区,42,南,1室1厅1卫,高楼层                        ,6,"新上,随时看房"
整租·敦化路6弄 1室0厅 西,杨浦,控江路,敦化路6弄,29,西,1室0厅1卫,中楼层                        ,5,"新上,近地铁,随时看房"
整租·敦化路6弄 1室0厅 西,杨浦,控江路,敦化路6弄,29,西,1室0厅1卫,中楼层                        ,5,"新上,近地铁,随时看房"
整租·康平小区 2室0厅 南,静安,彭浦,康平小区,43,南,2室0厅1卫,高楼层                        ,6,"新上,近地铁"
整租·云树仁居 1室1厅 南,浦东,泥城镇,云树仁居,61,南,1室1厅1卫,低楼层                        ,6,新上
整租·卫星东路50弄 2室1厅 南,浦东,惠南,卫星东路50弄,38,南,2室1厅2卫,中楼层                        ,4,"新上,双卫生间"
整租·天原二村 1室1厅 南,长宁,天山,天原二村,34,南,1室1厅1卫,中楼层                        ,5,"新上,近地铁,精装"
整租·会文路101号 1室1厅 南,静安,西藏北路,会文路101号,35,南,1室1厅1卫,高楼层                        ,7,"新上,近地铁,随时看房"
整租·粤秀苑 1室1厅 南/北,静安,大宁,粤秀苑,41,南 北,1室1厅1卫,高楼层                        ,6,新上
整租·长新小区(长宁) 1室1厅 南,长宁,中山公园,长新小区(长宁),36,南,1室1厅1卫,高楼层                        ,6,"新上,近地铁,随时看房"
整租·瑞冬小区 1室1厅 南,长宁,北新泾,瑞冬小区,41,南,1室1厅1卫,低楼层                        ,6,"新上,近地铁"
整租·瞿溪新村 1室0厅 南,黄浦,世博滨江,瞿溪新村,29,南,1室0厅1卫,中楼层                        ,6,"新上,近地铁"
整租·西凌新邨 1室1厅 北,黄浦,蓬莱公园,西凌新邨,30,北,1室1厅1卫,高楼层                        ,7,"新上,近地铁,随时看房"
整租·天山五村(旧) 1室0厅 南,长宁,天山,天山五村(旧),36,南,1室0厅1卫,中楼层                        ,6,"新上,近地铁"
整租·场中小区 2室1厅 南/北,静安,彭浦,场中小区,52,南 北,2室1厅1卫,高楼层                        ,7,"新上,近地铁"
整租·闻喜路251弄 1室1厅 南,静安,彭浦,闻喜路251弄,38,南,1室1厅1卫,高楼层                        ,6,新上
整租·长兴坊 1室1厅 南,徐汇,康健,长兴坊,46,南,1室1厅1卫,中楼层                        ,6,"新上,精装"
整租·大同路119号 1室0厅 南,浦东,外高桥,大同路119号,46,南,1室0厅1卫,高楼层                        ,5,"新上,近地铁"
整租·漕溪一村 1室0厅 南,徐汇,万体馆,漕溪一村,20,南,1室0厅0卫,高楼层                        ,5,近地铁
整租·柳江街19号 1室0厅 南,黄浦,豫园,柳江街19号,23,南,1室0厅1卫,中楼层                        ,6,"新上,近地铁,精装"
整租·广中三村 1室0厅 北,虹口,凉城,广中三村,27,北,1室0厅1卫,高楼层                        ,4,"新上,近地铁,随时看房"
整租·中行小区 1室0厅 北,静安,曹家渡,中行小区,24,北,1室0厅1卫,低楼层                        ,4,"新上,近地铁,精装,随时看房"
整租·虹日小区 1室0厅 南,长宁,虹桥,虹日小区,35,南,1室0厅1卫,高楼层                        ,6,"新上,近地铁,随时看房"
整租·安顺路231弄 1室1厅 南,长宁,新华路,安顺路231弄,36,南,1室1厅1卫,低楼层                        ,6,"新上,近地铁"
整租·科兰公寓 1室1厅 南,虹口,凉城,科兰公寓,39,南,1室1厅1卫,中楼层                        ,6,新上
整租·谈家桥路80弄 1室1厅 南,静安,大宁,谈家桥路80弄,41,南,1室1厅1卫,低楼层                        ,6,"新上,近地铁"
整租·控江路1200弄 1室1厅 北,杨浦,控江路,控江路1200弄,22,北,1室1厅1卫,中楼层                        ,5,"新上,近地铁,随时看房"
整租·龙南七村 1室1厅 南,徐汇,龙华,龙南七村,41,南,1室1厅1卫,高楼层                        ,6,"新上,近地铁"
整租·临汾路1564弄 1室1厅 南,静安,彭浦,临汾路1564弄,40,南,1室1厅1卫,低楼层                        ,6,新上
整租·双辽支路70弄 1室0厅 南,杨浦,鞍山,双辽支路70弄,37,南,1室0厅1卫,高楼层                        ,7,"新上,近地铁,随时看房"
整租·靖宇南路5弄 1室1厅 南,杨浦,控江路,靖宇南路5弄,34,南,1室1厅1卫,中楼层                        ,6,"新上,近地铁"
整租·兴泉小区 1室0厅 南/北,静安,彭浦,兴泉小区,41,南 北,1室0厅1卫,高楼层                        ,6,新上
整租·蒙西小区 1室0厅 南,黄浦,五里桥,蒙西小区,34,南,1室0厅1卫,高楼层                        ,6,"新上,近地铁,精装"
整租·丽泽菊清苑 2室2厅 南,浦东,书院镇,丽泽菊清苑,80,南,2室2厅1卫,高楼层                        ,6,新上
整租·绿园五村 1室1厅 南,长宁,西郊,绿园五村,45,南,1室1厅1卫,中楼层                        ,6,新上
整租·蒙西小区 1室0厅 南,黄浦,五里桥,蒙西小区,39,南,1室0厅1卫,高楼层                        ,7,"新上,近地铁,精装,随时看房"
整租·临汾路828弄 1室0厅 南,静安,彭浦,临汾路828弄,41,南,1室0厅1卫,中楼层                        ,6,"新上,近地铁"
整租·华发小区 1室0厅 南,徐汇,华泾,华发小区,48,南,1室0厅1卫,高楼层                        ,6,新上
整租·蒙自路395弄 1室1厅 南,黄浦,五里桥,蒙自路395弄,38,南,1室1厅1卫,高楼层                        ,7,"新上,近地铁"
整租·丽园路694弄 1室0厅 北,黄浦,五里桥,丽园路694弄,27,北,1室0厅1卫,高楼层                        ,7,"新上,近地铁"
整租·远中风华园(公寓) 1室0厅 南,静安,南京西路,远中风华园(公寓),43,南,1室0厅0卫,地下室                        ,2,近地铁
整租·黄浦丽园 1室0厅 南,黄浦,蓬莱公园,黄浦丽园,30,南,1室0厅0卫,地下室                        ,3,"近地铁,精装"
整租·武定路116弄 1室0厅 南/西,静安,南京西路,武定路116弄,9,南 西,1室0厅1卫,低楼层                        ,2,近地铁
整租·清涧六街坊 1室1厅 南,普陀,真光,清涧六街坊,46,南,1室1厅1卫,高楼层                        ,6,随时看房
整租·解放新村 2室1厅 南,奉贤,南桥,解放新村,52,南,2室1厅1卫,高楼层                        ,4,随时看房
整租·合肥路161号 1室1厅 南,黄浦,新天地,合肥路161号,47,南,1室1厅1卫,中楼层                        ,6,"近地铁,精装,随时看房"
整租·中漕小区 1室1厅 南,徐汇,徐家汇,中漕小区,46,南,1室1厅1卫,高楼层                        ,8,近地铁
整租·荣乐小区 1室1厅 南,松江,松江老城,荣乐小区,18,南,1室1厅1卫,中楼层                        ,6,近地铁
整租·德盈佳园 3室2厅 南,浦东,惠南,德盈佳园,130,南,3室2厅2卫,高楼层                        ,11,双卫生间
整租·利安小区 2室0厅 南,长宁,中山公园,利安小区,26,南,2室0厅1卫,低楼层                        ,6,近地铁
整租·汇成四村 1室0厅 南,徐汇,上海南站,汇成四村,34,南,1室0厅1卫,中楼层                        ,6,随时看房
整租·泰安公寓 2室2厅 南,青浦,朱家角,泰安公寓,98,南,2室2厅1卫,中楼层                        ,4,随时看房
整租·四平路421弄 1室0厅 南,虹口,鲁迅公园,四平路421弄,30,南,1室0厅1卫,高楼层                        ,6,"近地铁,随时看房"
整租·玉田新村 1室0厅 南,虹口,曲阳,玉田新村,34,南,1室0厅1卫,低楼层                        ,6,"近地铁,随时看房"
整租·保平小区 2室1厅 南,静安,彭浦,保平小区,54,南,2室1厅1卫,低楼层                        ,6,近地铁
整租·长春小区 1室1厅 南,徐汇,田林,长春小区,48,南,1室1厅1卫,高楼层                        ,6,近地铁
整租·开鲁一村 1室1厅 南,杨浦,中原,开鲁一村,11,南,1室1厅1卫,中楼层                        ,6,近地铁
整租·协和家园 2室1厅 南,长宁,北新泾,协和家园,79,南,2室1厅1卫,高楼层                        ,13,近地铁
整租·政立路830弄 2室1厅 南,杨浦,五角场,政立路830弄,65,南,2室1厅1卫,中楼层                        ,6,近地铁
整租·三门路358弄 1室1厅 南,杨浦,五角场,三门路358弄,43,南,1室1厅1卫,中楼层                        ,7,近地铁
整租·华苑小区 1室1厅 南,长宁,中山公园,华苑小区,40,南,1室1厅1卫,低楼层                        ,6,"近地铁,精装"
整租·康达公寓 1室1厅 南,浦东,惠南,康达公寓,60,南,1室1厅1卫,中楼层                        ,3,近地铁
整租·曹杨九村 1室0厅 南,普陀,曹杨,曹杨九村,29,南,1室0厅1卫,低楼层                        ,6,"近地铁,随时看房"
整租·乐山四五村 1室1厅 南/北,徐汇,徐家汇,乐山四五村,9,南 北,1室1厅1卫,高楼层                        ,7,"近地铁,随时看房"
整租·钻石苑 1室0厅 北,浦东,川沙,钻石苑,30,北,1室0厅1卫,高楼层                        ,4,近地铁
整租·万航渡路1514号 1室1厅 北,长宁,中山公园,万航渡路1514号,24,北,1室1厅1卫,高楼层                        ,7,"近地铁,随时看房"
整租·中华小区 1室1厅 东/西北,长宁,新华路,中华小区,31,东 西北,1室1厅1卫,中楼层                        ,7,"近地铁,随时看房"
整租·锦园坊 1室1厅 南,浦东,惠南,锦园坊,57,南,1室1厅1卫,高楼层                        ,11,随时看房
整租·瑞虹新城怡庭 1室0厅 南,虹口,临平路,瑞虹新城怡庭,39,南,1室0厅0卫,地下室                        ,2,近地铁
整租·新一小区 1室0厅 南,虹口,江湾镇,新一小区,42,南,1室0厅1卫,中楼层                        ,6,"近地铁,随时看房"
整租·施镇公寓 2室1厅 南,浦东,川沙,施镇公寓,76,南,2室1厅1卫,高楼层                        ,6,随时看房
整租·控江五村 1室1厅 东/北,杨浦,黄兴公园,控江五村,28,东 北,1室1厅1卫,低楼层                        ,5,"近地铁,随时看房"
整租·淮海中路584弄 1室0厅 南,黄浦,淮海中路,淮海中路584弄,15,南,1室0厅1卫,中楼层                        ,3,近地铁
整租·安乐坊 1室1厅 南,静安,南京西路,安乐坊,22,南,1室1厅1卫,中楼层                        ,5,近地铁
整租·翔川家园 1室1厅 南,浦东,川沙,翔川家园,20,南,1室1厅1卫,低楼层                        ,6,近地铁
整租·铁路新村(杨浦) 1室1厅 南,杨浦,五角场,铁路新村(杨浦),37,南,1室1厅1卫,高楼层                        ,6,近地铁
整租·中原纪联小区 1室1厅 南,杨浦,中原,中原纪联小区,46,南,1室1厅1卫,高楼层                        ,7,近地铁
整租·桃园新城中虹佳园 2室2厅 南/北,浦东,周浦,桃园新城中虹佳园,72,南 北,2室2厅1卫,高楼层                        ,5,随时看房
整租·百乐公寓 1室0厅 南,徐汇,斜土路,百乐公寓,23,南,1室0厅0卫,低楼层                        ,1,近地铁
整租·江苏北路105弄 1室0厅 南,长宁,中山公园,江苏北路105弄,32,南,1室0厅1卫,高楼层                        ,7,"近地铁,随时看房"
整租·桃浦一村瑞香苑 1室0厅 南,普陀,桃浦,桃浦一村瑞香苑,19,南,1室0厅0卫,高楼层                        ,5,近地铁
整租·汇成四村 2室0厅 南,徐汇,上海南站,汇成四村,50,南,2室0厅1卫,高楼层                        ,6,随时看房
整租·国际丽都城 1室0厅 南,静安,南京西路,国际丽都城,30,南,1室0厅0卫,地下室                        ,1,近地铁
整租·知音小区 1室1厅 南,长宁,新华路,知音小区,30,南,1室1厅1卫,高楼层                        ,7,近地铁
整租·国际丽都城 1室0厅 南,静安,南京西路,国际丽都城,30,南,1室0厅0卫,地下室                        ,1,近地铁
整租·汇成四村 2室0厅 南,徐汇,上海南站,汇成四村,50,南,2室0厅1卫,高楼层                        ,6,随时看房
整租·工农四村星源花苑 1室1厅 南,杨浦,中原,工农四村星源花苑,95,南,1室1厅1卫,高楼层                        ,6,近地铁
整租·国年路65弄 1室1厅 南,杨浦,五角场,国年路65弄,38,南,1室1厅1卫,高楼层                        ,6,近地铁
整租·长宁支路326弄 1室0厅 南,长宁,中山公园,长宁支路326弄,32,南,1室0厅1卫,高楼层                        ,4,近地铁
整租·长桥一村 1室1厅 南,徐汇,长桥,长桥一村,42,南,1室1厅1卫,中楼层                        ,6,随时看房
整租·桃浦七村雪松苑 1室1厅 南,普陀,桃浦,桃浦七村雪松苑,35,南,1室1厅1卫,高楼层                        ,6,近地铁
整租·三门路24弄 1室1厅 南,杨浦,中原,三门路24弄,36,南,1室1厅1卫,高楼层                        ,5,近地铁
整租·中远两湾城 1室0厅 南,普陀,中远两湾城,中远两湾城,30,南,1室0厅0卫,低楼层                        ,9,近地铁
整租·黄山锦庭 1室1厅 南,静安,闸北公园,黄山锦庭,34,南,1室1厅1卫,中楼层                        ,18,近地铁
整租·龚家宅 1室0厅 西,普陀,甘泉宜川,龚家宅,30,西,1室0厅1卫,高楼层                        ,7,"近地铁,随时看房"
整租·瑞冬小区 1室1厅 南,长宁,北新泾,瑞冬小区,41,南,1室1厅1卫,中楼层                        ,6,近地铁
整租·三义坊 1室0厅 北,静安,静安寺,三义坊,32,北,1室0厅1卫,高楼层                        ,2,近地铁
整租·控江路652弄 1室0厅 南,杨浦,控江路,控江路652弄,36,南,1室0厅1卫,高楼层                        ,5,近地铁
整租·天山二村 1室1厅 南,长宁,中山公园,天山二村,41,南,1室1厅1卫,低楼层                        ,6,"近地铁,精装"
整租·虹二小区 1室0厅 南,徐汇,徐家汇,虹二小区,28,南,1室0厅1卫,高楼层                        ,3,近地铁
整租·龙山新村 1室0厅 南,徐汇,万体馆,龙山新村,18,南,1室0厅1卫,高楼层                        ,5,近地铁
整租·瑞金二路204号 2室1厅 东南/南,黄浦,淮海中路,瑞金二路204号,48,东南 南,2室1厅1卫,高楼层                        ,7,近地铁
整租·广中一村 1室0厅 南,虹口,凉城,广中一村,18,南,1室0厅1卫,中楼层                        ,4,"近地铁,随时看房"
整租·甘泉一村 1室0厅 北,普陀,甘泉宜川,甘泉一村,26,北,1室0厅1卫,中楼层                        ,5,近地铁
整租·田林十二村 1室1厅 南,徐汇,田林,田林十二村,30,南,1室1厅1卫,高楼层                        ,6,近地铁
整租·斜土路2200弄 1室1厅 南,徐汇,徐家汇,斜土路2200弄,41,南,1室1厅1卫,高楼层                        ,6,"近地铁,随时看房"
整租·日晖六村 1室1厅 北,徐汇,斜土路,日晖六村,34,北,1室1厅1卫,中楼层                        ,5,"近地铁,精装,随时看房"
整租·大宁路660弄 1室1厅 南,静安,大宁,大宁路660弄,28,南,1室1厅1卫,低楼层                        ,6,"近地铁,随时看房"
整租·茶陵小区 1室0厅 北,徐汇,斜土路,茶陵小区,25,北,1室0厅1卫,高楼层                        ,4,"近地铁,随时看房"
整租·上中路458弄 2室0厅 南,徐汇,植物园,上中路458弄,54,南,2室0厅1卫,高楼层                        ,6,随时看房
整租·周家湾小区 1室0厅 南,徐汇,龙华,周家湾小区,45,南,1室0厅1卫,高楼层                        ,6,"近地铁,随时看房"
整租·泉灵小区 1室1厅 南,静安,彭浦,泉灵小区,43,南,1室1厅1卫,中楼层                        ,6,"近地铁,随时看房"
整租·乐山四五村 1室0厅 东北,徐汇,徐家汇,乐山四五村,16,东北,1室0厅1卫,中楼层                        ,6,"近地铁,随时看房"
整租·广中扩大小区 1室1厅 南,虹口,凉城,广中扩大小区,35,南,1室1厅1卫,高楼层                        ,6,随时看房
整租·柳市路82号 2室2厅 南,黄浦,董家渡,柳市路82号,40,南,2室2厅2卫,高楼层                        ,6,"近地铁,双卫生间,随时看房"
整租·控江四村 1室1厅 东,杨浦,黄兴公园,控江四村,33,东,1室1厅1卫,低楼层                        ,6,"近地铁,精装,随时看房"
整租·康平小区 1室1厅 南,静安,彭浦,康平小区,44,南,1室1厅1卫,高楼层                        ,6,近地铁
整租·鞍山六村 1室0厅 南,杨浦,鞍山,鞍山六村,32,南,1室0厅1卫,低楼层                        ,5,"近地铁,随时看房"
整租·中华小区 1室1厅 南,长宁,新华路,中华小区,35,南,1室1厅1卫,高楼层                        ,7,近地铁
整租·天钥新村 1室0厅 南,徐汇,万体馆,天钥新村,37,南,1室0厅1卫,中楼层                        ,6,近地铁
整租·永嘉路39弄 1室1厅 南,黄浦,淮海中路,永嘉路39弄,35,南,1室1厅1卫,中楼层                        ,5,近地铁
整租·天山四村 1室0厅 南,长宁,中山公园,天山四村,28,南,1室0厅1卫,高楼层                        ,4,近地铁
整租·玉田新村 1室1厅 南,虹口,曲阳,玉田新村,32,南,1室1厅1卫,中楼层                        ,5,"近地铁,随时看房"
整租·牌楼路23-29号 1室1厅 东,黄浦,老西门,牌楼路23,30,东,1室1厅1卫,中楼层                        ,6,"近地铁,随时看房"
整租·控江小区 1室0厅 北,杨浦,鞍山,控江小区,31,北,1室0厅1卫,高楼层                        ,5,近地铁
整租·西凌新邨 1室1厅 北,黄浦,蓬莱公园,西凌新邨,30,北,1室1厅1卫,低楼层                        ,6,"近地铁,精装"
整租·大金更小区 1室1厅 南,长宁,仙霞,大金更小区,43,南,1室1厅1卫,高楼层                        ,6,近地铁
整租·新华南园大厦 1室1厅 西北/北,黄浦,世博滨江,新华南园大厦,48,西北 北,1室1厅1卫,中楼层                        ,31,"近地铁,精装"
整租·华钜御庭(二期)(公寓) 2室2厅 南,浦东,惠南,华钜御庭(二期)(公寓),91,南,2室2厅1卫,低楼层                        ,18,随时看房
整租·长宁路1488弄3支弄 1室1厅 南/北,长宁,中山公园,长宁路1488弄3支弄,38,南 北,1室1厅1卫,高楼层                        ,6,"近地铁,随时看房"
整租·沪金大楼 1室1厅 南,静安,西藏北路,沪金大楼,20,南,1室1厅0卫,低楼层                        ,26,近地铁
整租·泰安路20号 1室0厅 南,徐汇,衡山路,泰安路20号,7,南,1室0厅0卫,低楼层                        ,4,近地铁
整租·场中路2401弄 1室1厅 南,静安,彭浦,场中路2401弄,38,南,1室1厅1卫,高楼层                        ,6,"近地铁,随时看房"
整租·虹日小区 1室1厅 南,长宁,虹桥,虹日小区,39,南,1室1厅1卫,高楼层                        ,6,近地铁
整租·斜土新村 1室1厅 南,黄浦,打浦桥,斜土新村,42,南,1室1厅1卫,中楼层                        ,7,近地铁
整租·鞍山四村第一小区 1室0厅 东,杨浦,鞍山,鞍山四村第一小区,28,东,1室0厅1卫,中楼层                        ,6,"近地铁,随时看房"
整租·龙馨公寓 1室1厅 南,浦东,川沙,龙馨公寓,63,南,1室1厅1卫,低楼层                        ,6,随时看房
整租·思南路115弄 1室1厅 南,黄浦,打浦桥,思南路115弄,33,南,1室1厅1卫,高楼层                        ,7,"近地铁,精装,随时看房"
整租·保德公寓 1室1厅 南,静安,彭浦,保德公寓,49,南,1室1厅1卫,高楼层                        ,6,随时看房
整租·忆定村 1室0厅 南,长宁,镇宁路,忆定村,14,南,1室0厅1卫,低楼层                        ,1,"近地铁,随时看房"
整租·安顺路273号 1室1厅 南,长宁,虹桥,安顺路273号,34,南,1室1厅1卫,中楼层                        ,6,近地铁
整租·辽源西路3号 1室1厅 南,杨浦,鞍山,辽源西路3号,38,南,1室1厅1卫,高楼层                        ,6,近地铁
整租·田林八村 1室0厅 南,徐汇,田林,田林八村,34,南,1室0厅1卫,中楼层                        ,6,近地铁
整租·西王小区 1室1厅 北,静安,南京西路,西王小区,27,北,1室1厅1卫,中楼层                        ,6,近地铁
整租·中华小区 1室1厅 东北,长宁,新华路,中华小区,33,东北,1室1厅1卫,高楼层                        ,7,"近地铁,随时看房"
整租·控江七村 1室0厅 南,杨浦,控江路,控江七村,34,南,1室0厅1卫,高楼层                        ,5,近地铁
整租·东湾小区 2室1厅 南,徐汇,华泾,东湾小区,73,南,2室1厅1卫,高楼层                        ,6,随时看房
整租·宜川四村 1室0厅 南,普陀,甘泉宜川,宜川四村,34,南,1室0厅1卫,高楼层                        ,5,随时看房
整租·寿山坊 1室1厅 南,徐汇,康健,寿山坊,40,南,1室1厅1卫,高楼层                        ,6,"近地铁,随时看房"
整租·北蒙三小区 1室1厅 南,黄浦,五里桥,北蒙三小区,31,南,1室1厅1卫,高楼层                        ,7,近地铁
整租·龙潭小区 1室0厅 南/北,静安,阳城,龙潭小区,35,南 北,1室0厅1卫,中楼层                        ,6,近地铁
整租·殷行路571弄 1室0厅 南,杨浦,中原,殷行路571弄,35,南,1室0厅1卫,高楼层                        ,6,"近地铁,随时看房"
整租·翔殷路491弄 1室0厅 南,杨浦,黄兴公园,翔殷路491弄,33,南,1室0厅1卫,中楼层                        ,6,近地铁
整租·嘉苑公寓 1室1厅 南,虹口,鲁迅公园,嘉苑公寓,15,南,1室1厅1卫,低楼层                        ,9,近地铁
整租·延平路482弄 1室1厅 南,静安,曹家渡,延平路482弄,36,南,1室1厅1卫,高楼层                        ,6,"近地铁,精装"
整租·陕西南路271弄 1室0厅 南,黄浦,淮海中路,陕西南路271弄,32,南,1室0厅1卫,中楼层                        ,8,"近地铁,精装"
整租·工农三村 1室1厅 南,杨浦,中原,工农三村,45,南,1室1厅1卫,中楼层                        ,6,"近地铁,随时看房"
整租·三门路358弄 1室1厅 南,杨浦,五角场,三门路358弄,42,南,1室1厅1卫,高楼层                        ,7,近地铁
整租·共康四村 1室1厅 南,静安,彭浦,共康四村,37,南,1室1厅1卫,高楼层                        ,6,随时看房
整租·局三小区 2室1厅 南,黄浦,五里桥,局三小区,50,南,2室1厅1卫,中楼层                        ,6,近地铁
整租·长白三村 1室1厅 南,杨浦,黄兴公园,长白三村,30,南,1室1厅1卫,低楼层                        ,5,"近地铁,随时看房"
整租·引翔港小区 1室0厅 南,杨浦,周家嘴路,引翔港小区,29,南,1室0厅1卫,中楼层                        ,6,近地铁
整租·武夷路219弄 1室0厅 南,长宁,中山公园,武夷路219弄,30,南,1室0厅1卫,中楼层                        ,4,"新上,近地铁,精装"
整租·丽泽荷亭苑 2室1厅 南/北,浦东,书院镇,丽泽荷亭苑,60,南 北,2室1厅1卫,高楼层                        ,6,押一付一
整租·长白二村 1室0厅 南,杨浦,黄兴公园,长白二村,34,南,1室0厅1卫,高楼层                        ,5,近地铁
整租·桃浦十村（紫腾苑小区白丽路701弄） 1室1厅 南,普陀,桃浦,桃浦十村（紫腾苑小区白丽路701弄）,33,南,1室1厅1卫,中楼层                        ,7,近地铁
整租·布鲁斯小镇(绿地·皇家官邸) 3室2厅 南/北,浦东,惠南,布鲁斯小镇(绿地·皇家官邸),172,南 北,3室2厅2卫,高楼层                        ,18,双卫生间
整租·开鲁路382弄 1室1厅 南,杨浦,中原,开鲁路382弄,42,南,1室1厅1卫,高楼层                        ,6,"近地铁,随时看房"
整租·鞍山四村第三小区 1室0厅 东,杨浦,鞍山,鞍山四村第三小区,27,东,1室0厅1卫,中楼层                        ,5,"近地铁,随时看房"
整租·西凌新邨 2室0厅 南,黄浦,蓬莱公园,西凌新邨,47,南,2室0厅1卫,高楼层                        ,6,"近地铁,随时看房"
整租·民乐城馨园 2室1厅 南,浦东,惠南,民乐城馨园,80,南,2室1厅1卫,中楼层                        ,11,近地铁
整租·康宁坊 1室1厅 南,徐汇,康健,康宁坊,45,南,1室1厅1卫,高楼层                        ,6,"近地铁,随时看房"
整租·大宁新村 1室0厅 南,静安,大宁,大宁新村,35,南,1室0厅1卫,低楼层                        ,6,"近地铁,随时看房"
整租·华沁家园 1室1厅 南,徐汇,植物园,华沁家园,56,南,1室1厅1卫,低楼层                        ,35,随时看房
整租·彭新小区 1室1厅 南,静安,彭浦,彭新小区,41,南,1室1厅1卫,低楼层                        ,6,近地铁
整租·汇成四村 2室0厅 南,徐汇,上海南站,汇成四村,53,南,2室0厅1卫,中楼层                        ,6,随时看房
整租·控江路1200弄 1室1厅 南,杨浦,控江路,控江路1200弄,29,南,1室1厅1卫,高楼层                        ,5,近地铁
整租·泰安公寓 2室2厅 南,青浦,朱家角,泰安公寓,76,南,2室2厅1卫,高楼层                        ,6,随时看房
整租·阳景小区 1室0厅 南,静安,彭浦,阳景小区,35,南,1室0厅1卫,中楼层                        ,6,随时看房
整租·万康家园 1室1厅 南,虹口,江湾镇,万康家园,45,南,1室1厅1卫,高楼层                        ,6,随时看房
整租·纺平大楼小区 1室0厅 南,杨浦,周家嘴路,纺平大楼小区,36,南,1室0厅1卫,中楼层                        ,5,随时看房
整租·园南三村 1室1厅 南,徐汇,植物园,园南三村,38,南,1室1厅1卫,中楼层                        ,6,随时看房
整租·芷江中路413弄 1室1厅 南,静安,西藏北路,芷江中路413弄,38,南,1室1厅1卫,高楼层                        ,7,近地铁
整租·武定西路1371弄 1室0厅 北,长宁,镇宁路,武定西路1371弄,22,北,1室0厅1卫,高楼层                        ,6,"近地铁,精装,随时看房"
整租·虹霞小区 1室0厅 南,长宁,仙霞,虹霞小区,33,南,1室0厅1卫,高楼层                        ,6,"近地铁,随时看房"
整租·中山北路197弄 1室1厅 南,静安,闸北公园,中山北路197弄,35,南,1室1厅1卫,高楼层                        ,7,"近地铁,随时看房"
整租·西木小区 1室1厅 南,徐汇,斜土路,西木小区,38,南,1室1厅1卫,高楼层                        ,6,近地铁
整租·上工新村 1室0厅 南,静安,大宁,上工新村,9,南,1室0厅1卫,高楼层                        ,3,近地铁
整租·龙吴路13弄 1室1厅 南,徐汇,万体馆,龙吴路13弄,44,南,1室1厅1卫,中楼层                        ,6,近地铁
整租·零陵小区 1室0厅 南,徐汇,徐家汇,零陵小区,16,南,1室0厅1卫,低楼层                        ,6,"近地铁,精装,随时看房"
整租·玉田新村 1室0厅 北,虹口,曲阳,玉田新村,33,北,1室0厅1卫,低楼层                        ,6,近地铁
整租·海防村 1室1厅 南,静安,江宁路,海防村,28,南,1室1厅1卫,中楼层                        ,7,近地铁
整租·平保小区 2室1厅 南,静安,彭浦,平保小区,43,南,2室1厅1卫,高楼层                        ,6,随时看房
整租·芙二小区 2室0厅 东南,长宁,仙霞,芙二小区,52,东南,2室0厅1卫,中楼层                        ,6,随时看房
整租·殷行路305弄 1室1厅 南,杨浦,中原,殷行路305弄,36,南,1室1厅1卫,中楼层                        ,5,"近地铁,随时看房"
整租·西木小区 1室0厅 南,徐汇,斜土路,西木小区,20,南,1室0厅1卫,高楼层                        ,3,"近地铁,随时看房"
整租·长顺路14号 1室0厅 南,长宁,新华路,长顺路14号,35,南,1室0厅1卫,高楼层                        ,6,近地铁
整租·鲁班路400弄 1室0厅 南,黄浦,打浦桥,鲁班路400弄,25,南,1室0厅0卫,低楼层                        ,5,近地铁
整租·公兴路39弄 1室1厅 西,静安,西藏北路,公兴路39弄,51,西,1室1厅1卫,高楼层                        ,5,"近地铁,随时看房"
整租·玉屏小区 1室0厅 东/西,长宁,中山公园,玉屏小区,24,东 西,1室0厅1卫,中楼层                        ,6,近地铁
整租·新泾三村 1室1厅 东,长宁,北新泾,新泾三村,50,东,1室1厅1卫,高楼层                        ,5,"近地铁,随时看房"
整租·延吉五村 1室0厅 南,杨浦,黄兴公园,延吉五村,36,南,1室0厅1卫,高楼层                        ,6,"近地铁,随时看房"
整租·柳营路319弄 1室1厅 南,静安,闸北公园,柳营路319弄,29,南,1室1厅1卫,低楼层                        ,6,"近地铁,精装,随时看房"
整租·王家堂小区 1室1厅 南,徐汇,徐家汇,王家堂小区,39,南,1室1厅1卫,低楼层                        ,6,近地铁
整租·东方冠郡 1室1厅 西,浦东,新场,东方冠郡,45,西,1室1厅1卫,中楼层                        ,5,随时看房
整租·凯德新视界(一期) 2室1厅 南/北,浦东,万祥镇,凯德新视界(一期),84,南 北,2室1厅1卫,低楼层                        ,12,精装
整租·民生里 1室0厅 南,长宁,中山公园,民生里,31,南,1室0厅1卫,高楼层                        ,6,近地铁
整租·临汾路1231弄 1室0厅 南,静安,彭浦,临汾路1231弄,38,南,1室0厅1卫,高楼层                        ,6,近地铁
整租·永馨小区 1室1厅 南,长宁,北新泾,永馨小区,32,南,1室1厅1卫,低楼层                        ,6,近地铁
整租·卜邻公寓 1室1厅 南,黄浦,淮海中路,卜邻公寓,30,南,1室1厅1卫,高楼层                        ,6,"近地铁,精装,随时看房"
整租·水塘小区 1室0厅 南,普陀,真如,水塘小区,15,南,1室0厅0卫,中楼层                        ,6,近地铁
整租·瑞金一路138号 1室1厅 南,黄浦,淮海中路,瑞金一路138号,50,南,1室1厅1卫,高楼层                        ,4,"近地铁,精装"
整租·经典茂名公寓 1室0厅 东/西/北,静安,南京西路,经典茂名公寓,64,东 西 北,1室0厅0卫,低楼层                        ,31,近地铁
整租·市民新村 1室1厅 南,黄浦,世博滨江,市民新村,21,南,1室1厅1卫,中楼层                        ,6,"近地铁,随时看房"
整租·康乐小区(徐汇) 2室1厅 南,徐汇,康健,康乐小区(徐汇),51,南,2室1厅1卫,高楼层                        ,6,"月租,近地铁,随时看房"
整租·中华新路893弄 1室0厅 南,静安,不夜城,中华新路893弄,36,南,1室0厅1卫,高楼层                        ,5,近地铁
整租·永和二村 1室1厅 南,静安,永和,永和二村,31,南,1室1厅1卫,中楼层                        ,6,随时看房
整租·延长小区(闸北) 1室1厅 南,静安,大宁,延长小区(闸北),30,南,1室1厅1卫,中楼层                        ,6,"近地铁,随时看房"
整租·阳曲路470弄 1室1厅 南,静安,彭浦,阳曲路470弄,39,南,1室1厅1卫,高楼层                        ,6,随时看房
整租·海尚逸苑 1室1厅 南,虹口,江湾镇,海尚逸苑,54,南,1室1厅1卫,低楼层                        ,14,随时看房
整租·昌盛苑 1室1厅 南,静安,彭浦,昌盛苑,46,南,1室1厅1卫,低楼层                        ,6,"新上,近地铁"
整租·共康三村 2室0厅 南/北,静安,彭浦,共康三村,44,南 北,2室0厅1卫,高楼层                        ,6,新上
整租·八方小区 1室1厅 南,静安,大宁,八方小区,41,南,1室1厅1卫,高楼层                        ,6,近地铁
整租·钦州南路300弄 1室1厅 南,徐汇,康健,钦州南路300弄,47,南,1室1厅1卫,中楼层                        ,6,"新上,近地铁"
整租·嘉善路232弄 1室0厅 北,徐汇,建国西路,嘉善路232弄,15,北,1室0厅1卫,中楼层                        ,6,"近地铁,精装"
整租·长虹小区 1室1厅 南,长宁,新华路,长虹小区,35,南,1室1厅1卫,高楼层                        ,6,"近地铁,精装"
整租·凌云新村 1室1厅 南,徐汇,华东理工,凌云新村,50,南,1室1厅1卫,高楼层                        ,6,"近地铁,随时看房"
整租·宛南五村 1室1厅 南,徐汇,龙华,宛南五村,32,南,1室1厅1卫,中楼层                        ,6,近地铁
整租·合肥路412号 1室1厅 北,黄浦,新天地,合肥路412号,20,北,1室1厅1卫,低楼层                        ,1,"近地铁,随时看房"
整租·巴黎公寓 1室1厅 西北,黄浦,新天地,巴黎公寓,27,西北,1室1厅1卫,低楼层                        ,3,"近地铁,随时看房"
整租·制造局路779-781号 1室1厅 南,黄浦,世博滨江,制造局路779,34,南,1室1厅1卫,中楼层                        ,6,近地铁
整租·海州路10号 1室1厅 南,杨浦,周家嘴路,海州路10号,38,南,1室1厅1卫,低楼层                        ,6,"新上,近地铁"
整租·宣化路221号 1室0厅 南,长宁,中山公园,宣化路221号,35,南,1室0厅1卫,高楼层                        ,7,近地铁
整租·法华镇路315弄 1室0厅 北,长宁,新华路,法华镇路315弄,26,北,1室0厅1卫,中楼层                        ,7,近地铁
整租·丽园路514弄 1室1厅 南,黄浦,五里桥,丽园路514弄,49,南,1室1厅1卫,低楼层                        ,7,近地铁
整租·康平小区 2室0厅 南,静安,彭浦,康平小区,53,南,2室0厅1卫,中楼层                        ,6,近地铁
整租·工农二村 1室1厅 南,杨浦,中原,工农二村,42,南,1室1厅1卫,高楼层                        ,6,"近地铁,随时看房"
整租·龙潭小区 2室1厅 南/北,静安,阳城,龙潭小区,52,南 北,2室1厅1卫,高楼层                        ,6,近地铁
整租·人生港湾南欧城 3室2厅 南,浦东,惠南,人生港湾南欧城,109,南,3室2厅2卫,高楼层                        ,6,双卫生间
整租·安图新村 1室0厅 南,杨浦,黄兴公园,安图新村,33,南,1室0厅1卫,高楼层                        ,5,"近地铁,随时看房"
整租·西凌新邨 1室0厅 南,黄浦,蓬莱公园,西凌新邨,32,南,1室0厅1卫,高楼层                        ,6,近地铁
整租·桃源二村 1室1厅 南,浦东,惠南,桃源二村,58,南,1室1厅1卫,高楼层                        ,5,近地铁
整租·华欣家园 2室0厅 南,徐汇,华泾,华欣家园,55,南,2室0厅1卫,中楼层                        ,7,随时看房
整租·昭化小区 1室1厅 南,长宁,中山公园,昭化小区,37,南,1室1厅1卫,低楼层                        ,6,"近地铁,精装"
整租·龙吴路11弄 1室1厅 南,徐汇,万体馆,龙吴路11弄,34,南,1室1厅1卫,高楼层                        ,6,"近地铁,精装"
整租·悦茂可乐公馆 2室1厅 南,长宁,西郊,悦茂可乐公馆,60,南,2室1厅1卫,高楼层                        ,5,随时看房
整租·延长中路451弄 1室1厅 南,静安,大宁,延长中路451弄,29,南,1室1厅1卫,低楼层                        ,6,"近地铁,随时看房"
整租·蒙自路395弄 1室0厅 东/南,黄浦,五里桥,蒙自路395弄,29,东 南,1室0厅1卫,高楼层                        ,7,近地铁
整租·悦来小区 1室1厅 南,黄浦,黄浦滨江,悦来小区,47,南,1室1厅1卫,中楼层                        ,16,"近地铁,精装,随时看房"
整租·中远两湾城 1室1厅 南,普陀,中远两湾城,中远两湾城,30,南,1室1厅1卫,低楼层                        ,9,近地铁
整租·西宝兴路922弄 1室1厅 南,静安,闸北公园,西宝兴路922弄,30,南,1室1厅1卫,高楼层                        ,7,"近地铁,随时看房"
整租·临汾路1564弄 2室1厅 南,静安,彭浦,临汾路1564弄,56,南,2室1厅1卫,中楼层                        ,6,随时看房
整租·乌鲁木齐南路145号 1室1厅 西,徐汇,衡山路,乌鲁木齐南路145号,12,西,1室1厅1卫,低楼层                        ,3,"近地铁,精装"
整租·普育东路24-36号 1室1厅 东南/南,黄浦,蓬莱公园,普育东路24,30,东南 南,1室1厅1卫,中楼层                        ,6,"近地铁,精装"
整租·汇成四村 2室0厅 南,徐汇,上海南站,汇成四村,56,南,2室0厅1卫,中楼层                        ,5,随时看房
整租·康健路120弄 1室1厅 南,徐汇,康健,康健路120弄,38,南,1室1厅1卫,高楼层                        ,6,"新上,近地铁"
整租·园南一村 1室1厅 南,徐汇,植物园,园南一村,43,南,1室1厅1卫,高楼层                        ,6,随时看房
整租·新舒苑 2室1厅 南,浦东,书院镇,新舒苑,82,南,2室1厅1卫,高楼层                        ,5,精装
整租·公园新村 2室1厅 南,浦东,惠南,公园新村,51,南,2室1厅1卫,中楼层                        ,5,精装
整租·优抚园 1室0厅 南,虹口,曲阳,优抚园,29,南,1室0厅1卫,中楼层                        ,6,"近地铁,随时看房"
整租·悦来小区 2室0厅 东南,黄浦,黄浦滨江,悦来小区,43,东南,2室0厅1卫,中楼层                        ,6,"近地铁,精装,押一付一"
整租·海南西弄 1室1厅 南,黄浦,蓬莱公园,海南西弄,38,南,1室1厅1卫,中楼层                        ,6,"近地铁,精装,随时看房"
整租·丽园新村 1室1厅 北,黄浦,五里桥,丽园新村,23,北,1室1厅1卫,高楼层                        ,6,"近地铁,精装,随时看房"
整租·三门路510弄 1室1厅 南,杨浦,五角场,三门路510弄,47,南,1室1厅1卫,低楼层                        ,7,近地铁
整租·阳曲小区 1室1厅 南,静安,彭浦,阳曲小区,47,南,1室1厅1卫,中楼层                        ,6,随时看房
整租·新市南路1149弄 1室0厅 南,虹口,江湾镇,新市南路1149弄,30,南,1室0厅1卫,高楼层                        ,5,"近地铁,随时看房"
整租·蒙自路395弄 1室1厅 东,黄浦,五里桥,蒙自路395弄,31,东,1室1厅1卫,低楼层                        ,7,"近地铁,随时看房"
整租·共康四村 2室1厅 南,静安,彭浦,共康四村,50,南,2室1厅1卫,高楼层                        ,6,新上
整租·场中路1310弄 1室1厅 南,静安,彭浦,场中路1310弄,53,南,1室1厅1卫,高楼层                        ,6,"近地铁,随时看房"
整租·康平小区 1室0厅 南,静安,彭浦,康平小区,32,南,1室0厅1卫,高楼层                        ,6,近地铁
整租·复兴中路1248弄 1室0厅 南,徐汇,衡山路,复兴中路1248弄,10,南,1室0厅1卫,高楼层                        ,4,"近地铁,随时看房"
整租·健乐小区 1室1厅 南,黄浦,新天地,健乐小区,28,南,1室1厅1卫,高楼层                        ,6,"近地铁,精装,随时看房"
整租·三泾北宅小区 1室1厅 南,长宁,中山公园,三泾北宅小区,37,南,1室1厅1卫,中楼层                        ,6,"近地铁,随时看房"
整租·钦州路111弄 1室1厅 南,徐汇,康健,钦州路111弄,38,南,1室1厅1卫,中楼层                        ,6,"新上,近地铁"
整租·天山五村(旧) 1室1厅 南,长宁,天山,天山五村(旧),32,南,1室1厅1卫,低楼层                        ,6,"近地铁,随时看房"
整租·仪表新村 1室0厅 南,徐汇,田林,仪表新村,32,南,1室0厅1卫,中楼层                        ,4,"近地铁,随时看房"
整租·斜土新村 1室1厅 南,黄浦,打浦桥,斜土新村,37,南,1室1厅1卫,低楼层                        ,7,近地铁
整租·临汾路1320弄 1室0厅 南,静安,彭浦,临汾路1320弄,38,南,1室0厅1卫,中楼层                        ,6,随时看房
整租·百龙小区 1室1厅 南,徐汇,植物园,百龙小区,42,南,1室1厅1卫,高楼层                        ,6,随时看房
整租·华欣家园 1室1厅 南,徐汇,华泾,华欣家园,44,南,1室1厅1卫,中楼层                        ,6,随时看房
整租·控江东三村 1室0厅 南,杨浦,黄兴公园,控江东三村,33,南,1室0厅1卫,高楼层                        ,5,"近地铁,随时看房"
整租·民乐城丽园(北园) 1室1厅 南,浦东,惠南,民乐城丽园(北园),62,南,1室1厅1卫,中楼层                        ,6,新上
整租·长桥四村 1室1厅 南,徐汇,长桥,长桥四村,42,南,1室1厅1卫,中楼层                        ,7,随时看房
整租·巨鹿路244弄 1室1厅 南,黄浦,淮海中路,巨鹿路244弄,30,南,1室1厅1卫,中楼层                        ,3,近地铁
整租·桃浦六村绿春苑 1室1厅 南,普陀,桃浦,桃浦六村绿春苑,43,南,1室1厅1卫,高楼层                        ,6,"近地铁,随时看房"
整租·真建一小区 1室1厅 南,普陀,桃浦,真建一小区,54,南,1室1厅1卫,高楼层                        ,6,随时看房
整租·闻喜路251弄 1室0厅 南,静安,彭浦,闻喜路251弄,36,南,1室0厅1卫,高楼层                        ,6,随时看房
整租·公园新村 2室1厅 南,浦东,惠南,公园新村,53,南,2室1厅1卫,高楼层                        ,5,随时看房
整租·大连西路13号 1室0厅 南,虹口,曲阳,大连西路13号,20,南,1室0厅1卫,低楼层                        ,6,"近地铁,随时看房"
整租·瞿溪新村 1室0厅 南,黄浦,世博滨江,瞿溪新村,28,南,1室0厅1卫,中楼层                        ,6,"近地铁,精装,随时看房"
整租·张泾小区 1室1厅 南,长宁,西郊,张泾小区,52,南,1室1厅1卫,高楼层                        ,6,近地铁
整租·控江路1200弄 1室0厅 南,杨浦,控江路,控江路1200弄,29,南,1室0厅1卫,高楼层                        ,5,"新上,近地铁"
整租·南园新村 1室1厅 东南,黄浦,打浦桥,南园新村,41,东南,1室1厅1卫,高楼层                        ,6,"近地铁,随时看房"
整租·长城珑湾 1室1厅 南,浦东,惠南,长城珑湾,40,南,1室1厅1卫,高楼层                        ,12,近地铁
整租·彭新小区 1室0厅 南,静安,彭浦,彭新小区,33,南,1室0厅1卫,中楼层                        ,6,近地铁
整租·金龙花苑玫瑰园 1室1厅 南,徐汇,龙华,金龙花苑玫瑰园,36,南,1室1厅1卫,高楼层                        ,6,"近地铁,随时看房"
整租·玉屏南路201号 1室0厅 南,长宁,中山公园,玉屏南路201号,29,南,1室0厅1卫,中楼层                        ,6,"近地铁,精装"
整租·双东小区 1室1厅 南,虹口,曲阳,双东小区,37,南,1室1厅1卫,中楼层                        ,6,近地铁
整租·东方颐城 3室2厅 南,浦东,书院镇,东方颐城,90,南,3室2厅1卫,中楼层                        ,7,精装
整租·桃浦七村雪松苑 1室0厅 南,普陀,桃浦,桃浦七村雪松苑,35,南,1室0厅1卫,低楼层                        ,6,"近地铁,随时看房"
整租·赤一小区 1室0厅 南,虹口,曲阳,赤一小区,33,南,1室0厅1卫,低楼层                        ,6,近地铁
整租·光启路103弄 1室0厅 西北,黄浦,豫园,光启路103弄,27,西北,1室0厅1卫,高楼层                        ,7,"近地铁,精装,随时看房"
整租·龙南三四村 1室1厅 南,徐汇,龙华,龙南三四村,46,南,1室1厅1卫,低楼层                        ,7,近地铁
整租·天柱山路17弄 1室1厅 南,黄浦,蓬莱公园,天柱山路17弄,32,南,1室1厅1卫,中楼层                        ,6,"新上,近地铁,随时看房"
整租·万华小区 1室1厅 南,长宁,中山公园,万华小区,37,南,1室1厅1卫,高楼层                        ,7,"近地铁,精装"
整租·愚园路1060弄 1室0厅 南,长宁,中山公园,愚园路1060弄,16,南,1室0厅1卫,高楼层                        ,4,近地铁
整租·瞿溪路937弄 1室1厅 南,黄浦,五里桥,瞿溪路937弄,30,南,1室1厅1卫,中楼层                        ,6,"近地铁,精装,随时看房"
整租·敦化路3弄 1室0厅 南,杨浦,控江路,敦化路3弄,33,南,1室0厅1卫,高楼层                        ,5,近地铁
整租·延长中路451弄 1室0厅 南,静安,大宁,延长中路451弄,31,南,1室0厅1卫,高楼层                        ,6,"新上,近地铁"
整租·世博花园 1室0厅 南,虹口,鲁迅公园,世博花园,30,南,1室0厅0卫,低楼层                        ,18,近地铁
整租·高荣小区 1室0厅 南,静安,曹家渡,高荣小区,34,南,1室0厅1卫,高楼层                        ,7,"近地铁,随时看房"
整租·听潮五村 2室2厅 南,浦东,惠南,听潮五村,89,南,2室2厅1卫,高楼层                        ,5,随时看房
整租·新丰小区 1室1厅 西北,静安,江宁路,新丰小区,30,西北,1室1厅1卫,低楼层                        ,7,"近地铁,随时看房"
整租·沪金大楼 1室1厅 南,静安,西藏北路,沪金大楼,15,南,1室1厅0卫,低楼层                        ,26,近地铁
整租·高荣小区 1室0厅 南,静安,曹家渡,高荣小区,24,南,1室0厅1卫,低楼层                        ,6,"近地铁,随时看房"
整租·临汾路1515弄 1室1厅 南,静安,彭浦,临汾路1515弄,43,南,1室1厅1卫,低楼层                        ,6,随时看房
整租·长桥新村 1室1厅 南,徐汇,长桥,长桥新村,36,南,1室1厅1卫,中楼层                        ,4,随时看房
整租·东安一村 1室0厅 北,徐汇,徐家汇,东安一村,36,北,1室0厅1卫,低楼层                        ,6,近地铁
整租·打浦路339弄 1室1厅 南,黄浦,打浦桥,打浦路339弄,30,南,1室1厅1卫,高楼层                        ,6,"近地铁,随时看房"
整租·宜川路20号 1室0厅 东,普陀,甘泉宜川,宜川路20号,14,东,1室0厅1卫,高楼层                        ,2,近地铁
整租·丽丽小区 1室1厅 南,黄浦,五里桥,丽丽小区,36,南,1室1厅1卫,高楼层                        ,6,"近地铁,随时看房"
整租·驰骋新苑 1室1厅 南,静安,彭浦,驰骋新苑,51,南,1室1厅1卫,低楼层                        ,6,随时看房
整租·宛南六村 1室0厅 南,徐汇,龙华,宛南六村,28,南,1室0厅1卫,中楼层                        ,6,"近地铁,随时看房"
整租·八方小区 1室1厅 南,静安,大宁,八方小区,41,南,1室1厅1卫,高楼层                        ,6,"近地铁,精装,随时看房"
整租·共和新路4555弄 2室0厅 南,静安,彭浦,共和新路4555弄,46,南,2室0厅1卫,中楼层                        ,6,近地铁
整租·广中路556号 1室1厅 南/北,虹口,凉城,广中路556号,33,南 北,1室1厅1卫,高楼层                        ,7,随时看房
整租·紫竹小区 1室0厅 南,长宁,北新泾,紫竹小区,29,南,1室0厅1卫,高楼层                        ,6,"近地铁,随时看房"
整租·瞿四小区 1室1厅 南,黄浦,世博滨江,瞿四小区,28,南,1室1厅1卫,高楼层                        ,6,"近地铁,精装,随时看房"
整租·凤城二村 1室0厅 北,杨浦,控江路,凤城二村,30,北,1室0厅1卫,高楼层                        ,5,"近地铁,随时看房"
整租·汇丽小区 1室1厅 南,黄浦,打浦桥,汇丽小区,36,南,1室1厅1卫,高楼层                        ,6,"近地铁,精装,随时看房"
整租·广中西路818弄 1室1厅 南,静安,大宁,广中西路818弄,45,南,1室1厅1卫,高楼层                        ,6,随时看房
整租·佳木斯路185弄 1室0厅 南,杨浦,黄兴公园,佳木斯路185弄,35,南,1室0厅1卫,高楼层                        ,6,近地铁
整租·蒙西小区 1室1厅 南,黄浦,五里桥,蒙西小区,35,南,1室1厅1卫,高楼层                        ,7,"近地铁,精装"
整租·丽园路1032弄 1室1厅 北,黄浦,打浦桥,丽园路1032弄,31,北,1室1厅1卫,低楼层                        ,6,近地铁
整租·柳江街21 1室0厅 东,黄浦,豫园,柳江街21,23,东,1室0厅1卫,中楼层                        ,6,近地铁
整租·乐山四五村 1室0厅 北,徐汇,徐家汇,乐山四五村,16,北,1室0厅1卫,低楼层                        ,7,"近地铁,精装,随时看房"
整租·上中路100弄 1室1厅 南,徐汇,上海南站,上中路100弄,38,南,1室1厅1卫,高楼层                        ,6,"新上,随时看房"
整租·长白三村 1室0厅 北,杨浦,黄兴公园,长白三村,29,北,1室0厅1卫,中楼层                        ,5,"近地铁,随时看房"
整租·锦绣汇丽苑 2室1厅 南,浦东,惠南,锦绣汇丽苑,66,南,2室1厅1卫,高楼层                        ,5,随时看房
整租·普育小区 1室0厅 南,黄浦,蓬莱公园,普育小区,29,南,1室0厅1卫,高楼层                        ,6,"近地铁,随时看房"
整租·复兴中路480弄 1室0厅 北,黄浦,新天地,复兴中路480弄,25,北,1室0厅1卫,低楼层                        ,6,"近地铁,精装"
整租·阳曲路470弄 1室0厅 南,静安,彭浦,阳曲路470弄,34,南,1室0厅1卫,中楼层                        ,6,新上
整租·大桥小区 1室1厅 西/西北,长宁,中山公园,大桥小区,45,西 西北,1室1厅1卫,中楼层                        ,7,"近地铁,精装"
整租·欣松苑 2室2厅 南,浦东,宣桥,欣松苑,105,南,2室2厅2卫,高楼层                        ,6,双卫生间
整租·新世纪大厦 1室1厅 东/南,黄浦,老西门,新世纪大厦,36,东 南,1室1厅1卫,中楼层                        ,19,"近地铁,精装,随时看房"
整租·蒙西小区 1室1厅 南,黄浦,五里桥,蒙西小区,38,南,1室1厅1卫,低楼层                        ,7,"近地铁,随时看房"
整租·驰骋新苑 2室1厅 南,静安,彭浦,驰骋新苑,53,南,2室1厅1卫,低楼层                        ,6,随时看房
整租·斜土路1155弄 1室1厅 南,徐汇,斜土路,斜土路1155弄,18,南,1室1厅1卫,低楼层                        ,1,近地铁
整租·打浦路339弄 1室0厅 南,黄浦,打浦桥,打浦路339弄,32,南,1室0厅1卫,高楼层                        ,6,近地铁
整租·惠南交通新村 2室1厅 南,浦东,惠南,惠南交通新村,61,南,2室1厅1卫,高楼层                        ,6,新上
整租·乾耀东港 3室2厅 南,浦东,泥城镇,乾耀东港,155,南,3室2厅2卫,中楼层                        ,5,双卫生间
整租·陆丰苑小区 1室0厅 南,静安,西藏北路,陆丰苑小区,33,南,1室0厅1卫,中楼层                        ,6,近地铁
整租·虬江路909弄 1室0厅 南,静安,西藏北路,虬江路909弄,35,南,1室0厅1卫,中楼层                        ,6,近地铁
整租·万荣小区 1室1厅 南,静安,阳城,万荣小区,44,南,1室1厅1卫,中楼层                        ,6,随时看房
整租·大宁路660弄 1室1厅 南,静安,大宁,大宁路660弄,46,南,1室1厅1卫,高楼层                        ,6,"近地铁,随时看房"
整租·布鲁斯小镇(绿地·皇家官邸) 2室2厅 南,浦东,惠南,布鲁斯小镇(绿地·皇家官邸),92,南,2室2厅1卫,低楼层                        ,14,随时看房
整租·凯德新视界(二期) 3室2厅 南,浦东,万祥镇,凯德新视界(二期),118,南,3室2厅2卫,中楼层                        ,18,双卫生间
整租·西镇小区(长宁) 1室1厅 南,长宁,新华路,西镇小区(长宁),38,南,1室1厅1卫,中楼层                        ,6,"近地铁,精装"
整租·宁和小区 1室0厅 南/西南,静安,大宁,宁和小区,38,南 西南,1室0厅1卫,高楼层                        ,6,近地铁
整租·田林四村 1室1厅 南,徐汇,田林,田林四村,33,南,1室1厅1卫,高楼层                        ,6,"近地铁,随时看房"
整租·中华新路793弄 1室0厅 西北,静安,不夜城,中华新路793弄,21,西北,1室0厅1卫,低楼层                        ,5,"新上,近地铁"
整租·控江五村 1室0厅 南,杨浦,黄兴公园,控江五村,22,南,1室0厅1卫,高楼层                        ,4,近地铁
整租·鞍山四村第二小区 1室0厅 南,杨浦,鞍山,鞍山四村第二小区,30,南,1室0厅1卫,中楼层                        ,5,近地铁
整租·三泾北宅小区 1室0厅 南,长宁,中山公园,三泾北宅小区,32,南,1室0厅1卫,低楼层                        ,6,"近地铁,精装,随时看房"
整租·虬江路909弄 1室1厅 南,静安,西藏北路,虬江路909弄,36,南,1室1厅1卫,高楼层                        ,6,近地铁
整租·斜土路338-368号 1室1厅 南,黄浦,五里桥,斜土路338,33,南,1室1厅1卫,高楼层                        ,7,"近地铁,精装"
整租·延铁小区 1室0厅 南,静安,大宁,延铁小区,28,南,1室0厅1卫,高楼层                        ,6,"近地铁,精装"
整租·临汾路1564弄 1室1厅 南,静安,彭浦,临汾路1564弄,36,南,1室1厅1卫,高楼层                        ,6,随时看房
整租·洛川中路901弄 1室1厅 南,静安,大宁,洛川中路901弄,38,南,1室1厅1卫,中楼层                        ,6,"新上,近地铁,随时看房"
整租·紫竹小区 1室0厅 南,长宁,北新泾,紫竹小区,29,南,1室0厅1卫,高楼层                        ,6,"近地铁,随时看房"
整租·丽园新村 1室0厅 南,黄浦,五里桥,丽园新村,34,南,1室0厅1卫,高楼层                        ,6,近地铁
整租·丹桂佳苑 3室2厅 南,浦东,惠南,丹桂佳苑,111,南,3室2厅1卫,高楼层                        ,6,随时看房
整租·新华南园大厦 2室0厅 东南,黄浦,世博滨江,新华南园大厦,55,东南,2室0厅1卫,低楼层                        ,31,"近地铁,精装"
整租·翔殷路491弄 1室0厅 南,杨浦,黄兴公园,翔殷路491弄,40,南,1室0厅1卫,高楼层                        ,6,近地铁
整租·丽园路574弄 1室0厅 南/北,黄浦,五里桥,丽园路574弄,32,南 北,1室0厅1卫,高楼层                        ,7,"近地铁,随时看房"
整租·打浦路339弄 2室0厅 南,黄浦,打浦桥,打浦路339弄,52,南,2室0厅1卫,低楼层                        ,6,"月租,近地铁,随时看房"
整租·锦苑小区(虹口) 2室0厅 南,虹口,凉城,锦苑小区(虹口),42,南,2室0厅1卫,中楼层                        ,6,新上
整租·金虹苑小区 1室1厅 南,长宁,西郊,金虹苑小区,42,南,1室1厅1卫,低楼层                        ,6,新上
整租·化工小区(长宁) 1室0厅 南,长宁,新华路,化工小区(长宁),31,南,1室0厅1卫,中楼层                        ,6,"新上,近地铁,精装"
整租·万业新阶 1室0厅 南,普陀,中远两湾城,万业新阶,30,南,1室0厅0卫,低楼层                        ,1,近地铁
整租·曹杨路1010号 2室0厅 南,普陀,真如,曹杨路1010号,46,南,2室0厅1卫,高楼层                        ,6,"新上,近地铁,随时看房"
整租·翔前小区 1室1厅 南,静安,永和,翔前小区,42,南,1室1厅1卫,高楼层                        ,6,随时看房
整租·蓝朝部落 1室0厅 南,静安,曹家渡,蓝朝部落,25,南,1室0厅1卫,高楼层                        ,31,"近地铁,精装"
整租·东荡小区 1室1厅 南,徐汇,上海南站,东荡小区,41,南,1室1厅1卫,中楼层                        ,6,近地铁
整租·大宁路660弄 1室1厅 南,静安,大宁,大宁路660弄,40,南,1室1厅1卫,低楼层                        ,6,"近地铁,随时看房"
整租·松花一村 1室1厅 南/北,杨浦,黄兴公园,松花一村,38,南 北,1室1厅1卫,高楼层                        ,5,"近地铁,随时看房"
整租·云松景庭 1室1厅 南,浦东,泥城镇,云松景庭,62,南,1室1厅1卫,高楼层                        ,4,新上
整租·国货路374-378号 1室0厅 东,黄浦,蓬莱公园,国货路374,30,东,1室0厅1卫,中楼层                        ,6,近地铁
整租·阳曲路470弄 2室0厅 南,静安,彭浦,阳曲路470弄,48,南,2室0厅1卫,高楼层                        ,6,新上
整租·布鲁斯小镇(绿地·皇家官邸) 3室2厅 南/北,浦东,惠南,布鲁斯小镇(绿地·皇家官邸),171,南 北,3室2厅2卫,中楼层                        ,18,"双卫生间,随时看房"
整租·开鲁四村 1室1厅 南/北,杨浦,中原,开鲁四村,41,南 北,1室1厅1卫,中楼层                        ,6,近地铁
整租·民乐城康苑 3室2厅 南/北,浦东,惠南,民乐城康苑,125,南 北,3室2厅2卫,低楼层                        ,1,双卫生间
整租·五岭小区 1室0厅 南,黄浦,打浦桥,五岭小区,36,南,1室0厅1卫,中楼层                        ,7,"近地铁,精装,随时看房"
整租·武川路245弄 1室1厅 南,杨浦,五角场,武川路245弄,34,南,1室1厅1卫,低楼层                        ,6,新上
